OrderID,CustomerKey,ProductKey,EmployeeKey,ShipperKey,OrderDate,RequiredDate,ShippedDate,Quantity,SellingPrice,DiscountRate,Sales,FreightCost
10248,85,11,5,3,2013-07-04,2013-08-01,2013-07-16,12,14,0,168,32.38
10248,85,42,5,3,2013-07-04,2013-08-01,2013-07-16,10,9.8,0,98,32.38
10248,85,72,5,3,2013-07-04,2013-08-01,2013-07-16,5,34.8,0,174,32.38
10249,79,14,6,1,2013-07-05,2013-08-16,2013-07-10,9,18.6,0,167.4,11.61
10249,79,51,6,1,2013-07-05,2013-08-16,2013-07-10,40,42.4,0,1696,11.61
10250,34,41,4,2,2013-07-08,2013-08-05,2013-07-12,10,7.7,0,77,65.83
10250,34,51,4,2,2013-07-08,2013-08-05,2013-07-12,35,36.04,0.15,1261.4,65.83
10250,34,65,4,2,2013-07-08,2013-08-05,2013-07-12,15,14.28,0.15,214.2,65.83
10251,84,22,3,1,2013-07-08,2013-08-05,2013-07-15,6,15.96,0.05,95.76,41.34
10251,84,57,3,1,2013-07-08,2013-08-05,2013-07-15,15,14.82,0.05,222.3,41.34
10251,84,65,3,1,2013-07-08,2013-08-05,2013-07-15,20,16.8,0,336,41.34
10252,76,20,4,2,2013-07-09,2013-08-06,2013-07-11,40,61.56,0.05,2462.4,51.3
10252,76,33,4,2,2013-07-09,2013-08-06,2013-07-11,25,1.9,0.05,47.5,51.3
10252,76,60,4,2,2013-07-09,2013-08-06,2013-07-11,40,27.2,0,1088,51.3
10253,34,31,3,2,2013-07-10,2013-07-24,2013-07-16,20,10,0,200,58.17
10253,34,39,3,2,2013-07-10,2013-07-24,2013-07-16,42,14.4,0,604.8,58.17
10253,34,49,3,2,2013-07-10,2013-07-24,2013-07-16,40,16,0,640,58.17
10254,14,24,5,2,2013-07-11,2013-08-08,2013-07-23,15,3.06,0.15,45.9,22.98
10254,14,55,5,2,2013-07-11,2013-08-08,2013-07-23,21,16.32,0.15,342.72,22.98
10254,14,74,5,2,2013-07-11,2013-08-08,2013-07-23,21,8,0,168,22.98
10255,68,2,9,3,2013-07-12,2013-08-09,2013-07-15,20,15.2,0,304,148.33
10255,68,16,9,3,2013-07-12,2013-08-09,2013-07-15,35,13.9,0,486.5,148.33
10255,68,36,9,3,2013-07-12,2013-08-09,2013-07-15,25,15.2,0,380,148.33
10255,68,59,9,3,2013-07-12,2013-08-09,2013-07-15,30,44,0,1320,148.33
10256,88,53,3,2,2013-07-15,2013-08-12,2013-07-17,15,26.2,0,393,13.97
10256,88,77,3,2,2013-07-15,2013-08-12,2013-07-17,12,10.4,0,124.8,13.97
10257,35,27,4,3,2013-07-16,2013-08-13,2013-07-22,25,35.1,0,877.5,81.91
10257,35,39,4,3,2013-07-16,2013-08-13,2013-07-22,6,14.4,0,86.4,81.91
10257,35,77,4,3,2013-07-16,2013-08-13,2013-07-22,15,10.4,0,156,81.91
10258,20,2,1,1,2013-07-17,2013-08-14,2013-07-23,50,12.16,0.2,608,140.51
10258,20,5,1,1,2013-07-17,2013-08-14,2013-07-23,65,13.6,0.2,884,140.51
10258,20,32,1,1,2013-07-17,2013-08-14,2013-07-23,6,20.48,0.2,122.88,140.51
10259,13,21,4,3,2013-07-18,2013-08-15,2013-07-25,10,8,0,80,3.25
10259,13,37,4,3,2013-07-18,2013-08-15,2013-07-25,1,20.8,0,20.8,3.25
10260,56,41,4,1,2013-07-19,2013-08-16,2013-07-29,16,5.775,0.25,92.4,55.09
10260,56,57,4,1,2013-07-19,2013-08-16,2013-07-29,50,15.6,0,780,55.09
10260,56,62,4,1,2013-07-19,2013-08-16,2013-07-29,15,29.55,0.25,443.25,55.09
10260,56,70,4,1,2013-07-19,2013-08-16,2013-07-29,21,9,0.25,189,55.09
10261,61,21,4,2,2013-07-19,2013-08-16,2013-07-30,20,8,0,160,3.05
10261,61,35,4,2,2013-07-19,2013-08-16,2013-07-30,20,14.4,0,288,3.05
10262,65,5,8,3,2013-07-22,2013-08-19,2013-07-25,12,13.6,0.2,163.2,48.29
10262,65,7,8,3,2013-07-22,2013-08-19,2013-07-25,15,24,0,360,48.29
10262,65,56,8,3,2013-07-22,2013-08-19,2013-07-25,2,30.4,0,60.8,48.29
10263,20,16,9,3,2013-07-23,2013-08-20,2013-07-31,60,10.425,0.25,625.5,146.06
10263,20,24,9,3,2013-07-23,2013-08-20,2013-07-31,28,3.6,0,100.8,146.06
10263,20,30,9,3,2013-07-23,2013-08-20,2013-07-31,60,15.525,0.25,931.5,146.06
10263,20,74,9,3,2013-07-23,2013-08-20,2013-07-31,36,6,0.25,216,146.06
10264,24,2,6,3,2013-07-24,2013-08-21,2013-08-23,35,15.2,0,532,3.67
10264,24,41,6,3,2013-07-24,2013-08-21,2013-08-23,25,6.545,0.15,163.625,3.67
10265,7,17,2,1,2013-07-25,2013-08-22,2013-08-12,30,31.2,0,936,55.28
10265,7,70,2,1,2013-07-25,2013-08-22,2013-08-12,20,12,0,240,55.28
10266,87,12,3,3,2013-07-26,2013-09-06,2013-07-31,12,28.88,0.05,346.56,25.73
10267,25,40,4,1,2013-07-29,2013-08-26,2013-08-06,50,14.7,0,735,208.58
10267,25,59,4,1,2013-07-29,2013-08-26,2013-08-06,70,37.4,0.15,2618,208.58
10267,25,76,4,1,2013-07-29,2013-08-26,2013-08-06,15,12.24,0.15,183.6,208.58
10268,33,29,8,3,2013-07-30,2013-08-27,2013-08-02,10,99,0,990,66.29
10268,33,72,8,3,2013-07-30,2013-08-27,2013-08-02,4,27.8,0,111.2,66.29
10269,89,33,5,1,2013-07-31,2013-08-14,2013-08-09,60,1.9,0.05,114,4.56
10269,89,72,5,1,2013-07-31,2013-08-14,2013-08-09,20,26.41,0.05,528.2,4.56
10270,87,36,1,1,2013-08-01,2013-08-29,2013-08-02,30,15.2,0,456,136.54
10270,87,43,1,1,2013-08-01,2013-08-29,2013-08-02,25,36.8,0,920,136.54
10271,75,33,6,2,2013-08-01,2013-08-29,2013-08-30,24,2,0,48,4.54
10272,65,20,6,2,2013-08-02,2013-08-30,2013-08-06,6,64.8,0,388.8,98.03
10272,65,31,6,2,2013-08-02,2013-08-30,2013-08-06,40,10,0,400,98.03
10272,65,72,6,2,2013-08-02,2013-08-30,2013-08-06,24,27.8,0,667.2,98.03
10273,63,10,3,3,2013-08-05,2013-09-02,2013-08-12,24,23.56,0.05,565.44,76.07
10273,63,31,3,3,2013-08-05,2013-09-02,2013-08-12,15,9.5,0.05,142.5,76.07
10273,63,33,3,3,2013-08-05,2013-09-02,2013-08-12,20,2,0,40,76.07
10273,63,40,3,3,2013-08-05,2013-09-02,2013-08-12,60,13.965,0.05,837.9,76.07
10273,63,76,3,3,2013-08-05,2013-09-02,2013-08-12,33,13.68,0.05,451.44,76.07
10274,85,71,6,1,2013-08-06,2013-09-03,2013-08-16,20,17.2,0,344,6.01
10274,85,72,6,1,2013-08-06,2013-09-03,2013-08-16,7,27.8,0,194.6,6.01
10275,49,24,1,1,2013-08-07,2013-09-04,2013-08-09,12,3.42,0.05,41.04,26.93
10275,49,59,1,1,2013-08-07,2013-09-04,2013-08-09,6,41.8,0.05,250.8,26.93
10276,80,10,8,3,2013-08-08,2013-08-22,2013-08-14,15,24.8,0,372,13.84
10276,80,13,8,3,2013-08-08,2013-08-22,2013-08-14,10,4.8,0,48,13.84
10277,52,28,2,3,2013-08-09,2013-09-06,2013-08-13,20,36.4,0,728,125.77
10277,52,62,2,3,2013-08-09,2013-09-06,2013-08-13,12,39.4,0,472.8,125.77
10278,5,44,8,2,2013-08-12,2013-09-09,2013-08-16,16,15.5,0,248,92.69
10278,5,59,8,2,2013-08-12,2013-09-09,2013-08-16,15,44,0,660,92.69
10278,5,63,8,2,2013-08-12,2013-09-09,2013-08-16,8,35.1,0,280.8,92.69
10278,5,73,8,2,2013-08-12,2013-09-09,2013-08-16,25,12,0,300,92.69
10279,44,17,8,2,2013-08-13,2013-09-10,2013-08-16,15,23.4,0.25,351,25.83
10280,5,24,2,1,2013-08-14,2013-09-11,2013-09-12,12,3.6,0,43.2,8.98
10280,5,55,2,1,2013-08-14,2013-09-11,2013-09-12,20,19.2,0,384,8.98
10280,5,75,2,1,2013-08-14,2013-09-11,2013-09-12,30,6.2,0,186,8.98
10281,69,19,4,1,2013-08-14,2013-08-28,2013-08-21,1,7.3,0,7.3,2.94
10281,69,24,4,1,2013-08-14,2013-08-28,2013-08-21,6,3.6,0,21.6,2.94
10281,69,35,4,1,2013-08-14,2013-08-28,2013-08-21,4,14.4,0,57.6,2.94
10282,69,30,4,1,2013-08-15,2013-09-12,2013-08-21,6,20.7,0,124.2,12.69
10282,69,57,4,1,2013-08-15,2013-09-12,2013-08-21,2,15.6,0,31.2,12.69
10283,46,15,3,3,2013-08-16,2013-09-13,2013-08-23,20,12.4,0,248,84.81
10283,46,19,3,3,2013-08-16,2013-09-13,2013-08-23,18,7.3,0,131.4,84.81
10283,46,60,3,3,2013-08-16,2013-09-13,2013-08-23,35,27.2,0,952,84.81
10283,46,72,3,3,2013-08-16,2013-09-13,2013-08-23,3,27.8,0,83.4,84.81
10284,44,27,4,1,2013-08-19,2013-09-16,2013-08-27,15,26.325,0.25,394.875,76.56
10284,44,44,4,1,2013-08-19,2013-09-16,2013-08-27,21,15.5,0,325.5,76.56
10284,44,60,4,1,2013-08-19,2013-09-16,2013-08-27,20,20.4,0.25,408,76.56
10284,44,67,4,1,2013-08-19,2013-09-16,2013-08-27,5,8.4,0.25,42,76.56
10285,63,1,1,2,2013-08-20,2013-09-17,2013-08-26,45,11.52,0.2,518.4,76.83
10285,63,40,1,2,2013-08-20,2013-09-17,2013-08-26,40,11.76,0.2,470.4,76.83
10285,63,53,1,2,2013-08-20,2013-09-17,2013-08-26,36,20.96,0.2,754.56,76.83
10286,63,35,8,3,2013-08-21,2013-09-18,2013-08-30,100,14.4,0,1440,229.24
10286,63,62,8,3,2013-08-21,2013-09-18,2013-08-30,40,39.4,0,1576,229.24
10287,67,16,8,3,2013-08-22,2013-09-19,2013-08-28,40,11.815,0.15,472.6,12.76
10287,67,34,8,3,2013-08-22,2013-09-19,2013-08-28,20,11.2,0,224,12.76
10287,67,46,8,3,2013-08-22,2013-09-19,2013-08-28,15,8.16,0.15,122.4,12.76
10288,66,54,4,1,2013-08-23,2013-09-20,2013-09-03,10,5.31,0.1,53.1,7.45
10288,66,68,4,1,2013-08-23,2013-09-20,2013-09-03,3,9,0.1,27,7.45
10289,11,3,7,3,2013-08-26,2013-09-23,2013-08-28,30,8,0,240,22.77
10289,11,64,7,3,2013-08-26,2013-09-23,2013-08-28,9,26.6,0,239.4,22.77
10290,15,5,8,1,2013-08-27,2013-09-24,2013-09-03,20,17,0,340,79.7
10290,15,29,8,1,2013-08-27,2013-09-24,2013-09-03,15,99,0,1485,79.7
10290,15,49,8,1,2013-08-27,2013-09-24,2013-09-03,15,16,0,240,79.7
10290,15,77,8,1,2013-08-27,2013-09-24,2013-09-03,10,10.4,0,104,79.7
10291,61,13,6,2,2013-08-27,2013-09-24,2013-09-04,20,4.32,0.1,86.4,6.4
10291,61,44,6,2,2013-08-27,2013-09-24,2013-09-04,24,13.95,0.1,334.8,6.4
10291,61,51,6,2,2013-08-27,2013-09-24,2013-09-04,2,38.16,0.1,76.32,6.4
10292,81,20,1,2,2013-08-28,2013-09-25,2013-09-02,20,64.8,0,1296,1.35
10293,80,18,1,3,2013-08-29,2013-09-26,2013-09-11,12,50,0,600,21.18
10293,80,24,1,3,2013-08-29,2013-09-26,2013-09-11,10,3.6,0,36,21.18
10293,80,63,1,3,2013-08-29,2013-09-26,2013-09-11,5,35.1,0,175.5,21.18
10293,80,75,1,3,2013-08-29,2013-09-26,2013-09-11,6,6.2,0,37.2,21.18
10294,65,1,4,2,2013-08-30,2013-09-27,2013-09-05,18,14.4,0,259.2,147.26
10294,65,17,4,2,2013-08-30,2013-09-27,2013-09-05,15,31.2,0,468,147.26
10294,65,43,4,2,2013-08-30,2013-09-27,2013-09-05,15,36.8,0,552,147.26
10294,65,60,4,2,2013-08-30,2013-09-27,2013-09-05,21,27.2,0,571.2,147.26
10294,65,75,4,2,2013-08-30,2013-09-27,2013-09-05,6,6.2,0,37.2,147.26
10295,85,56,2,2,2013-09-02,2013-09-30,2013-09-10,4,30.4,0,121.6,1.15
10296,46,11,6,1,2013-09-03,2013-10-01,2013-09-11,12,16.8,0,201.6,0.12
10296,46,16,6,1,2013-09-03,2013-10-01,2013-09-11,30,13.9,0,417,0.12
10296,46,69,6,1,2013-09-03,2013-10-01,2013-09-11,15,28.8,0,432,0.12
10297,7,39,5,2,2013-09-04,2013-10-16,2013-09-10,60,14.4,0,864,5.74
10297,7,72,5,2,2013-09-04,2013-10-16,2013-09-10,20,27.8,0,556,5.74
10298,37,2,6,2,2013-09-05,2013-10-03,2013-09-11,40,15.2,0,608,168.22
10298,37,36,6,2,2013-09-05,2013-10-03,2013-09-11,40,11.4,0.25,456,168.22
10298,37,59,6,2,2013-09-05,2013-10-03,2013-09-11,30,33,0.25,990,168.22
10298,37,62,6,2,2013-09-05,2013-10-03,2013-09-11,15,39.4,0,591,168.22
10299,67,19,4,2,2013-09-06,2013-10-04,2013-09-13,15,7.3,0,109.5,29.76
10299,67,70,4,2,2013-09-06,2013-10-04,2013-09-13,20,12,0,240,29.76
10300,49,66,2,2,2013-09-09,2013-10-07,2013-09-18,30,13.6,0,408,17.68
10300,49,68,2,2,2013-09-09,2013-10-07,2013-09-18,20,10,0,200,17.68
10301,86,40,8,2,2013-09-09,2013-10-07,2013-09-17,10,14.7,0,147,45.08
10301,86,56,8,2,2013-09-09,2013-10-07,2013-09-17,20,30.4,0,608,45.08
10302,76,17,4,2,2013-09-10,2013-10-08,2013-10-09,40,31.2,0,1248,6.27
10302,76,28,4,2,2013-09-10,2013-10-08,2013-10-09,28,36.4,0,1019.2,6.27
10302,76,43,4,2,2013-09-10,2013-10-08,2013-10-09,12,36.8,0,441.6,6.27
10303,30,40,7,2,2013-09-11,2013-10-09,2013-09-18,40,13.23,0.1,529.2,107.83
10303,30,65,7,2,2013-09-11,2013-10-09,2013-09-18,30,15.12,0.1,453.6,107.83
10303,30,68,7,2,2013-09-11,2013-10-09,2013-09-18,15,9,0.1,135,107.83
10304,80,49,1,2,2013-09-12,2013-10-10,2013-09-17,30,16,0,480,63.79
10304,80,59,1,2,2013-09-12,2013-10-10,2013-09-17,10,44,0,440,63.79
10304,80,71,1,2,2013-09-12,2013-10-10,2013-09-17,2,17.2,0,34.4,63.79
10305,55,18,8,3,2013-09-13,2013-10-11,2013-10-09,25,45,0.1,1125,257.62
10305,55,29,8,3,2013-09-13,2013-10-11,2013-10-09,25,89.1,0.1,2227.5,257.62
10305,55,39,8,3,2013-09-13,2013-10-11,2013-10-09,30,12.96,0.1,388.8,257.62
10306,69,30,1,3,2013-09-16,2013-10-14,2013-09-23,10,20.7,0,207,7.56
10306,69,53,1,3,2013-09-16,2013-10-14,2013-09-23,10,26.2,0,262,7.56
10306,69,54,1,3,2013-09-16,2013-10-14,2013-09-23,5,5.9,0,29.5,7.56
10307,48,62,2,2,2013-09-17,2013-10-15,2013-09-25,10,39.4,0,394,0.56
10307,48,68,2,2,2013-09-17,2013-10-15,2013-09-25,3,10,0,30,0.56
10308,2,69,7,3,2013-09-18,2013-10-16,2013-09-24,1,28.8,0,28.8,1.61
10308,2,70,7,3,2013-09-18,2013-10-16,2013-09-24,5,12,0,60,1.61
10309,37,4,3,1,2013-09-19,2013-10-17,2013-10-23,20,17.6,0,352,47.3
10309,37,6,3,1,2013-09-19,2013-10-17,2013-10-23,30,20,0,600,47.3
10309,37,42,3,1,2013-09-19,2013-10-17,2013-10-23,2,11.2,0,22.4,47.3
10309,37,43,3,1,2013-09-19,2013-10-17,2013-10-23,20,36.8,0,736,47.3
10309,37,71,3,1,2013-09-19,2013-10-17,2013-10-23,3,17.2,0,51.6,47.3
10310,77,16,8,2,2013-09-20,2013-10-18,2013-09-27,10,13.9,0,139,17.52
10310,77,62,8,2,2013-09-20,2013-10-18,2013-09-27,5,39.4,0,197,17.52
10311,18,42,1,3,2013-09-20,2013-10-04,2013-09-26,6,11.2,0,67.2,24.69
10311,18,69,1,3,2013-09-20,2013-10-04,2013-09-26,7,28.8,0,201.6,24.69
10312,86,28,2,2,2013-09-23,2013-10-21,2013-10-03,4,36.4,0,145.6,40.26
10312,86,43,2,2,2013-09-23,2013-10-21,2013-10-03,24,36.8,0,883.2,40.26
10312,86,53,2,2,2013-09-23,2013-10-21,2013-10-03,20,26.2,0,524,40.26
10312,86,75,2,2,2013-09-23,2013-10-21,2013-10-03,10,6.2,0,62,40.26
10313,63,36,2,2,2013-09-24,2013-10-22,2013-10-04,12,15.2,0,182.4,1.96
10314,65,32,1,2,2013-09-25,2013-10-23,2013-10-04,40,23.04,0.1,921.6,74.16
10314,65,58,1,2,2013-09-25,2013-10-23,2013-10-04,30,9.54,0.1,286.2,74.16
10314,65,62,1,2,2013-09-25,2013-10-23,2013-10-04,25,35.46,0.1,886.5,74.16
10315,38,34,4,2,2013-09-26,2013-10-24,2013-10-03,14,11.2,0,156.8,41.76
10315,38,70,4,2,2013-09-26,2013-10-24,2013-10-03,30,12,0,360,41.76
10316,65,41,1,3,2013-09-27,2013-10-25,2013-10-08,10,7.7,0,77,150.15
10316,65,62,1,3,2013-09-27,2013-10-25,2013-10-08,70,39.4,0,2758,150.15
10317,48,1,6,1,2013-09-30,2013-10-28,2013-10-10,20,14.4,0,288,12.69
10318,38,41,8,2,2013-10-01,2013-10-29,2013-10-04,20,7.7,0,154,4.73
10318,38,76,8,2,2013-10-01,2013-10-29,2013-10-04,6,14.4,0,86.4,4.73
10319,80,17,7,3,2013-10-02,2013-10-30,2013-10-11,8,31.2,0,249.6,64.5
10319,80,28,7,3,2013-10-02,2013-10-30,2013-10-11,14,36.4,0,509.6,64.5
10319,80,76,7,3,2013-10-02,2013-10-30,2013-10-11,30,14.4,0,432,64.5
10320,87,71,5,3,2013-10-03,2013-10-17,2013-10-18,30,17.2,0,516,34.57
10321,38,35,3,2,2013-10-03,2013-10-31,2013-10-11,10,14.4,0,144,3.43
10322,58,52,7,3,2013-10-04,2013-11-01,2013-10-23,20,5.6,0,112,0.4
10323,39,15,4,1,2013-10-07,2013-11-04,2013-10-14,5,12.4,0,62,4.88
10323,39,25,4,1,2013-10-07,2013-11-04,2013-10-14,4,11.2,0,44.8,4.88
10323,39,39,4,1,2013-10-07,2013-11-04,2013-10-14,4,14.4,0,57.6,4.88
10324,71,16,9,1,2013-10-08,2013-11-05,2013-10-10,21,11.815,0.15,248.115,214.27
10324,71,35,9,1,2013-10-08,2013-11-05,2013-10-10,70,12.24,0.15,856.8,214.27
10324,71,46,9,1,2013-10-08,2013-11-05,2013-10-10,30,9.6,0,288,214.27
10324,71,59,9,1,2013-10-08,2013-11-05,2013-10-10,40,37.4,0.15,1496,214.27
10324,71,63,9,1,2013-10-08,2013-11-05,2013-10-10,80,29.835,0.15,2386.8,214.27
10325,39,6,1,3,2013-10-09,2013-10-23,2013-10-14,6,20,0,120,64.86
10325,39,13,1,3,2013-10-09,2013-10-23,2013-10-14,12,4.8,0,57.6,64.86
10325,39,14,1,3,2013-10-09,2013-10-23,2013-10-14,9,18.6,0,167.4,64.86
10325,39,31,1,3,2013-10-09,2013-10-23,2013-10-14,4,10,0,40,64.86
10325,39,72,1,3,2013-10-09,2013-10-23,2013-10-14,40,27.8,0,1112,64.86
10326,8,4,4,2,2013-10-10,2013-11-07,2013-10-14,24,17.6,0,422.4,77.92
10326,8,57,4,2,2013-10-10,2013-11-07,2013-10-14,16,15.6,0,249.6,77.92
10326,8,75,4,2,2013-10-10,2013-11-07,2013-10-14,50,6.2,0,310,77.92
10327,24,2,2,1,2013-10-11,2013-11-08,2013-10-14,25,12.16,0.2,304,63.36
10327,24,11,2,1,2013-10-11,2013-11-08,2013-10-14,50,13.44,0.2,672,63.36
10327,24,30,2,1,2013-10-11,2013-11-08,2013-10-14,35,16.56,0.2,579.6,63.36
10327,24,58,2,1,2013-10-11,2013-11-08,2013-10-14,30,8.48,0.2,254.4,63.36
10328,28,59,4,3,2013-10-14,2013-11-11,2013-10-17,9,44,0,396,87.03
10328,28,65,4,3,2013-10-14,2013-11-11,2013-10-17,40,16.8,0,672,87.03
10328,28,68,4,3,2013-10-14,2013-11-11,2013-10-17,10,10,0,100,87.03
10329,75,19,4,2,2013-10-15,2013-11-26,2013-10-23,10,6.935,0.05,69.35,191.67
10329,75,30,4,2,2013-10-15,2013-11-26,2013-10-23,8,19.665,0.05,157.32,191.67
10329,75,38,4,2,2013-10-15,2013-11-26,2013-10-23,20,200.26,0.05,4005.2,191.67
10329,75,56,4,2,2013-10-15,2013-11-26,2013-10-23,12,28.88,0.05,346.56,191.67
10330,46,26,3,1,2013-10-16,2013-11-13,2013-10-28,50,21.165,0.15,1058.25,12.75
10330,46,72,3,1,2013-10-16,2013-11-13,2013-10-28,25,23.63,0.15,590.75,12.75
10331,9,54,9,1,2013-10-16,2013-11-27,2013-10-21,15,5.9,0,88.5,10.19
10332,51,18,3,2,2013-10-17,2013-11-28,2013-10-21,40,40,0.2,1600,52.84
10332,51,42,3,2,2013-10-17,2013-11-28,2013-10-21,10,8.96,0.2,89.6,52.84
10332,51,47,3,2,2013-10-17,2013-11-28,2013-10-21,16,6.08,0.2,97.28,52.84
10333,87,14,5,3,2013-10-18,2013-11-15,2013-10-25,10,18.6,0,186,0.59
10333,87,21,5,3,2013-10-18,2013-11-15,2013-10-25,10,7.2,0.1,72,0.59
10333,87,71,5,3,2013-10-18,2013-11-15,2013-10-25,40,15.48,0.1,619.2,0.59
10334,84,52,8,2,2013-10-21,2013-11-18,2013-10-28,8,5.6,0,44.8,8.56
10334,84,68,8,2,2013-10-21,2013-11-18,2013-10-28,10,10,0,100,8.56
10335,37,2,7,2,2013-10-22,2013-11-19,2013-10-24,7,12.16,0.2,85.12,42.11
10335,37,31,7,2,2013-10-22,2013-11-19,2013-10-24,25,8,0.2,200,42.11
10335,37,32,7,2,2013-10-22,2013-11-19,2013-10-24,6,20.48,0.2,122.88,42.11
10335,37,51,7,2,2013-10-22,2013-11-19,2013-10-24,48,33.92,0.2,1628.16,42.11
10336,60,4,7,2,2013-10-23,2013-11-20,2013-10-25,18,15.84,0.1,285.12,15.51
10337,25,23,4,3,2013-10-24,2013-11-21,2013-10-29,40,7.2,0,288,108.26
10337,25,26,4,3,2013-10-24,2013-11-21,2013-10-29,24,24.9,0,597.6,108.26
10337,25,36,4,3,2013-10-24,2013-11-21,2013-10-29,20,15.2,0,304,108.26
10337,25,37,4,3,2013-10-24,2013-11-21,2013-10-29,28,20.8,0,582.4,108.26
10337,25,72,4,3,2013-10-24,2013-11-21,2013-10-29,25,27.8,0,695,108.26
10338,55,17,4,3,2013-10-25,2013-11-22,2013-10-29,20,31.2,0,624,84.21
10338,55,30,4,3,2013-10-25,2013-11-22,2013-10-29,15,20.7,0,310.5,84.21
10339,51,4,2,2,2013-10-28,2013-11-25,2013-11-04,10,17.6,0,176,15.66
10339,51,17,2,2,2013-10-28,2013-11-25,2013-11-04,70,29.64,0.05,2074.8,15.66
10339,51,62,2,2,2013-10-28,2013-11-25,2013-11-04,28,39.4,0,1103.2,15.66
10340,9,18,1,3,2013-10-29,2013-11-26,2013-11-08,20,47.5,0.05,950,166.31
10340,9,41,1,3,2013-10-29,2013-11-26,2013-11-08,12,7.315,0.05,87.78,166.31
10340,9,43,1,3,2013-10-29,2013-11-26,2013-11-08,40,34.96,0.05,1398.4,166.31
10341,73,33,7,3,2013-10-29,2013-11-26,2013-11-05,8,2,0,16,26.78
10341,73,59,7,3,2013-10-29,2013-11-26,2013-11-05,9,37.4,0.15,336.6,26.78
10342,25,2,4,2,2013-10-30,2013-11-13,2013-11-04,24,12.16,0.2,291.84,54.83
10342,25,31,4,2,2013-10-30,2013-11-13,2013-11-04,56,8,0.2,448,54.83
10342,25,36,4,2,2013-10-30,2013-11-13,2013-11-04,40,12.16,0.2,486.4,54.83
10342,25,55,4,2,2013-10-30,2013-11-13,2013-11-04,40,15.36,0.2,614.4,54.83
10343,44,64,4,1,2013-10-31,2013-11-28,2013-11-06,50,26.6,0,1330,110.37
10343,44,68,4,1,2013-10-31,2013-11-28,2013-11-06,4,9.5,0.05,38,110.37
10343,44,76,4,1,2013-10-31,2013-11-28,2013-11-06,15,14.4,0,216,110.37
10344,89,4,4,2,2013-11-01,2013-11-29,2013-11-05,35,17.6,0,616,23.29
10344,89,8,4,2,2013-11-01,2013-11-29,2013-11-05,70,24,0.25,1680,23.29
10345,63,8,2,2,2013-11-04,2013-12-02,2013-11-11,70,32,0,2240,249.06
10345,63,19,2,2,2013-11-04,2013-12-02,2013-11-11,80,7.3,0,584,249.06
10345,63,42,2,2,2013-11-04,2013-12-02,2013-11-11,9,11.2,0,100.8,249.06
10346,65,17,3,3,2013-11-05,2013-12-17,2013-11-08,36,28.08,0.1,1010.88,142.08
10346,65,56,3,3,2013-11-05,2013-12-17,2013-11-08,20,30.4,0,608,142.08
10347,21,25,4,3,2013-11-06,2013-12-04,2013-11-08,10,11.2,0,112,3.1
10347,21,39,4,3,2013-11-06,2013-12-04,2013-11-08,50,12.24,0.15,612,3.1
10347,21,40,4,3,2013-11-06,2013-12-04,2013-11-08,4,14.7,0,58.8,3.1
10347,21,75,4,3,2013-11-06,2013-12-04,2013-11-08,6,5.27,0.15,31.62,3.1
10348,86,1,4,2,2013-11-07,2013-12-05,2013-11-15,15,12.24,0.15,183.6,0.78
10348,86,23,4,2,2013-11-07,2013-12-05,2013-11-15,25,7.2,0,180,0.78
10349,75,54,7,1,2013-11-08,2013-12-06,2013-11-15,24,5.9,0,141.6,8.63
10350,41,50,6,2,2013-11-11,2013-12-09,2013-12-03,15,11.7,0.1,175.5,64.19
10350,41,69,6,2,2013-11-11,2013-12-09,2013-12-03,18,25.92,0.1,466.56,64.19
10351,20,38,1,1,2013-11-11,2013-12-09,2013-11-20,20,200.26,0.05,4005.2,162.33
10351,20,41,1,1,2013-11-11,2013-12-09,2013-11-20,13,7.7,0,100.1,162.33
10351,20,44,1,1,2013-11-11,2013-12-09,2013-11-20,77,14.725,0.05,1133.825,162.33
10351,20,65,1,1,2013-11-11,2013-12-09,2013-11-20,10,15.96,0.05,159.6,162.33
10352,28,24,3,3,2013-11-12,2013-11-26,2013-11-18,10,3.6,0,36,1.3
10352,28,54,3,3,2013-11-12,2013-11-26,2013-11-18,20,5.015,0.15,100.3,1.3
10353,59,11,7,3,2013-11-13,2013-12-11,2013-11-25,12,13.44,0.2,161.28,360.63
10353,59,38,7,3,2013-11-13,2013-12-11,2013-11-25,50,168.64,0.2,8432,360.63
10354,58,1,8,3,2013-11-14,2013-12-12,2013-11-20,12,14.4,0,172.8,53.8
10354,58,29,8,3,2013-11-14,2013-12-12,2013-11-20,4,99,0,396,53.8
10355,4,24,6,1,2013-11-15,2013-12-13,2013-11-20,25,3.6,0,90,41.95
10355,4,57,6,1,2013-11-15,2013-12-13,2013-11-20,25,15.6,0,390,41.95
10356,86,31,6,2,2013-11-18,2013-12-16,2013-11-27,30,10,0,300,36.71
10356,86,55,6,2,2013-11-18,2013-12-16,2013-11-27,12,19.2,0,230.4,36.71
10356,86,69,6,2,2013-11-18,2013-12-16,2013-11-27,20,28.8,0,576,36.71
10357,46,10,1,3,2013-11-19,2013-12-17,2013-12-02,30,19.84,0.2,595.2,34.88
10357,46,26,1,3,2013-11-19,2013-12-17,2013-12-02,16,24.9,0,398.4,34.88
10357,46,60,1,3,2013-11-19,2013-12-17,2013-12-02,8,21.76,0.2,174.08,34.88
10358,41,24,5,1,2013-11-20,2013-12-18,2013-11-27,10,3.42,0.05,34.2,19.64
10358,41,34,5,1,2013-11-20,2013-12-18,2013-11-27,10,10.64,0.05,106.4,19.64
10358,41,36,5,1,2013-11-20,2013-12-18,2013-11-27,20,14.44,0.05,288.8,19.64
10359,72,16,5,3,2013-11-21,2013-12-19,2013-11-26,56,13.205,0.05,739.48,288.43
10359,72,31,5,3,2013-11-21,2013-12-19,2013-11-26,70,9.5,0.05,665,288.43
10359,72,60,5,3,2013-11-21,2013-12-19,2013-11-26,80,25.84,0.05,2067.2,288.43
10360,7,28,4,3,2013-11-22,2013-12-20,2013-12-02,30,36.4,0,1092,131.7
10360,7,29,4,3,2013-11-22,2013-12-20,2013-12-02,35,99,0,3465,131.7
10360,7,38,4,3,2013-11-22,2013-12-20,2013-12-02,10,210.8,0,2108,131.7
10360,7,49,4,3,2013-11-22,2013-12-20,2013-12-02,35,16,0,560,131.7
10360,7,54,4,3,2013-11-22,2013-12-20,2013-12-02,28,5.9,0,165.2,131.7
10361,63,39,1,2,2013-11-22,2013-12-20,2013-12-03,54,12.96,0.1,699.84,183.17
10361,63,60,1,2,2013-11-22,2013-12-20,2013-12-03,55,24.48,0.1,1346.4,183.17
10362,9,25,3,1,2013-11-25,2013-12-23,2013-11-28,50,11.2,0,560,96.04
10362,9,51,3,1,2013-11-25,2013-12-23,2013-11-28,20,42.4,0,848,96.04
10362,9,54,3,1,2013-11-25,2013-12-23,2013-11-28,24,5.9,0,141.6,96.04
10363,17,31,4,3,2013-11-26,2013-12-24,2013-12-04,20,10,0,200,30.54
10363,17,75,4,3,2013-11-26,2013-12-24,2013-12-04,12,6.2,0,74.4,30.54
10363,17,76,4,3,2013-11-26,2013-12-24,2013-12-04,12,14.4,0,172.8,30.54
10364,19,69,1,1,2013-11-26,2014-01-07,2013-12-04,30,28.8,0,864,71.97
10364,19,71,1,1,2013-11-26,2014-01-07,2013-12-04,5,17.2,0,86,71.97
10365,3,11,3,2,2013-11-27,2013-12-25,2013-12-02,24,16.8,0,403.2,22
10366,29,65,8,2,2013-11-28,2014-01-09,2013-12-30,5,16.8,0,84,10.14
10366,29,77,8,2,2013-11-28,2014-01-09,2013-12-30,5,10.4,0,52,10.14
10367,83,34,7,3,2013-11-28,2013-12-26,2013-12-02,36,11.2,0,403.2,13.55
10367,83,54,7,3,2013-11-28,2013-12-26,2013-12-02,18,5.9,0,106.2,13.55
10367,83,65,7,3,2013-11-28,2013-12-26,2013-12-02,15,16.8,0,252,13.55
10367,83,77,7,3,2013-11-28,2013-12-26,2013-12-02,7,10.4,0,72.8,13.55
10368,20,21,2,2,2013-11-29,2013-12-27,2013-12-02,5,7.2,0.1,36,101.95
10368,20,28,2,2,2013-11-29,2013-12-27,2013-12-02,13,32.76,0.1,425.88,101.95
10368,20,57,2,2,2013-11-29,2013-12-27,2013-12-02,25,15.6,0,390,101.95
10368,20,64,2,2,2013-11-29,2013-12-27,2013-12-02,35,23.94,0.1,837.9,101.95
10369,75,29,8,2,2013-12-02,2013-12-30,2013-12-09,20,99,0,1980,195.68
10369,75,56,8,2,2013-12-02,2013-12-30,2013-12-09,18,22.8,0.25,410.4,195.68
10370,14,1,6,2,2013-12-03,2013-12-31,2013-12-27,15,12.24,0.15,183.6,1.17
10370,14,64,6,2,2013-12-03,2013-12-31,2013-12-27,30,26.6,0,798,1.17
10370,14,74,6,2,2013-12-03,2013-12-31,2013-12-27,20,6.8,0.15,136,1.17
10371,41,36,1,1,2013-12-03,2013-12-31,2013-12-24,6,12.16,0.2,72.96,0.45
10372,62,20,5,2,2013-12-04,2014-01-01,2013-12-09,12,48.6,0.25,583.2,890.78
10372,62,38,5,2,2013-12-04,2014-01-01,2013-12-09,40,158.1,0.25,6324,890.78
10372,62,60,5,2,2013-12-04,2014-01-01,2013-12-09,70,20.4,0.25,1428,890.78
10372,62,72,5,2,2013-12-04,2014-01-01,2013-12-09,42,20.85,0.25,875.7,890.78
10373,37,58,4,3,2013-12-05,2014-01-02,2013-12-11,80,8.48,0.2,678.4,124.12
10373,37,71,4,3,2013-12-05,2014-01-02,2013-12-11,50,13.76,0.2,688,124.12
10374,91,31,1,3,2013-12-05,2014-01-02,2013-12-09,30,10,0,300,3.94
10374,91,58,1,3,2013-12-05,2014-01-02,2013-12-09,15,10.6,0,159,3.94
10375,36,14,3,2,2013-12-06,2014-01-03,2013-12-09,15,18.6,0,279,20.12
10375,36,54,3,2,2013-12-06,2014-01-03,2013-12-09,10,5.9,0,59,20.12
10376,51,31,1,2,2013-12-09,2014-01-06,2013-12-13,42,9.5,0.05,399,20.39
10377,72,28,1,3,2013-12-09,2014-01-06,2013-12-13,20,30.94,0.15,618.8,22.21
10377,72,39,1,3,2013-12-09,2014-01-06,2013-12-13,20,12.24,0.15,244.8,22.21
10378,24,71,5,3,2013-12-10,2014-01-07,2013-12-19,6,17.2,0,103.2,5.44
10379,61,41,2,1,2013-12-11,2014-01-08,2013-12-13,8,6.93,0.1,55.44,45.03
10379,61,63,2,1,2013-12-11,2014-01-08,2013-12-13,16,31.59,0.1,505.44,45.03
10379,61,65,2,1,2013-12-11,2014-01-08,2013-12-13,20,15.12,0.1,302.4,45.03
10380,37,30,8,3,2013-12-12,2014-01-09,2014-01-16,18,18.63,0.1,335.34,35.03
10380,37,53,8,3,2013-12-12,2014-01-09,2014-01-16,20,23.58,0.1,471.6,35.03
10380,37,60,8,3,2013-12-12,2014-01-09,2014-01-16,6,24.48,0.1,146.88,35.03
10380,37,70,8,3,2013-12-12,2014-01-09,2014-01-16,30,12,0,360,35.03
10381,46,74,3,3,2013-12-12,2014-01-09,2013-12-13,14,8,0,112,7.99
10382,20,5,4,1,2013-12-13,2014-01-10,2013-12-16,32,17,0,544,94.77
10382,20,18,4,1,2013-12-13,2014-01-10,2013-12-16,9,50,0,450,94.77
10382,20,29,4,1,2013-12-13,2014-01-10,2013-12-16,14,99,0,1386,94.77
10382,20,33,4,1,2013-12-13,2014-01-10,2013-12-16,60,2,0,120,94.77
10382,20,74,4,1,2013-12-13,2014-01-10,2013-12-16,50,8,0,400,94.77
10383,4,13,8,3,2013-12-16,2014-01-13,2013-12-18,20,4.8,0,96,34.24
10383,4,50,8,3,2013-12-16,2014-01-13,2013-12-18,15,13,0,195,34.24
10383,4,56,8,3,2013-12-16,2014-01-13,2013-12-18,20,30.4,0,608,34.24
10384,5,20,3,3,2013-12-16,2014-01-13,2013-12-20,28,64.8,0,1814.4,168.64
10384,5,60,3,3,2013-12-16,2014-01-13,2013-12-20,15,27.2,0,408,168.64
10385,75,7,1,2,2013-12-17,2014-01-14,2013-12-23,10,19.2,0.2,192,30.96
10385,75,60,1,2,2013-12-17,2014-01-14,2013-12-23,20,21.76,0.2,435.2,30.96
10385,75,68,1,2,2013-12-17,2014-01-14,2013-12-23,8,8,0.2,64,30.96
10386,21,24,9,3,2013-12-18,2014-01-01,2013-12-25,15,3.6,0,54,13.99
10386,21,34,9,3,2013-12-18,2014-01-01,2013-12-25,10,11.2,0,112,13.99
10387,70,24,1,2,2013-12-18,2014-01-15,2013-12-20,15,3.6,0,54,93.63
10387,70,28,1,2,2013-12-18,2014-01-15,2013-12-20,6,36.4,0,218.4,93.63
10387,70,59,1,2,2013-12-18,2014-01-15,2013-12-20,12,44,0,528,93.63
10387,70,71,1,2,2013-12-18,2014-01-15,2013-12-20,15,17.2,0,258,93.63
10388,72,45,2,1,2013-12-19,2014-01-16,2013-12-20,15,6.08,0.2,91.2,34.86
10388,72,52,2,1,2013-12-19,2014-01-16,2013-12-20,20,4.48,0.2,89.6,34.86
10388,72,53,2,1,2013-12-19,2014-01-16,2013-12-20,40,26.2,0,1048,34.86
10389,10,10,4,2,2013-12-20,2014-01-17,2013-12-24,16,24.8,0,396.8,47.42
10389,10,55,4,2,2013-12-20,2014-01-17,2013-12-24,15,19.2,0,288,47.42
10389,10,62,4,2,2013-12-20,2014-01-17,2013-12-24,20,39.4,0,788,47.42
10389,10,70,4,2,2013-12-20,2014-01-17,2013-12-24,30,12,0,360,47.42
10390,20,31,6,1,2013-12-23,2014-01-20,2013-12-26,60,9,0.1,540,126.38
10390,20,35,6,1,2013-12-23,2014-01-20,2013-12-26,40,12.96,0.1,518.4,126.38
10390,20,46,6,1,2013-12-23,2014-01-20,2013-12-26,45,9.6,0,432,126.38
10390,20,72,6,1,2013-12-23,2014-01-20,2013-12-26,24,25.02,0.1,600.48,126.38
10391,17,13,3,3,2013-12-23,2014-01-20,2013-12-31,18,4.8,0,86.4,5.45
10392,59,69,2,3,2013-12-24,2014-01-21,2014-01-01,50,28.8,0,1440,122.46
10393,71,2,1,3,2013-12-25,2014-01-22,2014-01-03,25,11.4,0.25,285,126.56
10393,71,14,1,3,2013-12-25,2014-01-22,2014-01-03,42,13.95,0.25,585.9,126.56
10393,71,25,1,3,2013-12-25,2014-01-22,2014-01-03,7,8.4,0.25,58.8,126.56
10393,71,26,1,3,2013-12-25,2014-01-22,2014-01-03,70,18.675,0.25,1307.25,126.56
10393,71,31,1,3,2013-12-25,2014-01-22,2014-01-03,32,10,0,320,126.56
10394,36,13,1,3,2013-12-25,2014-01-22,2014-01-03,10,4.8,0,48,30.34
10394,36,62,1,3,2013-12-25,2014-01-22,2014-01-03,10,39.4,0,394,30.34
10395,35,46,6,1,2013-12-26,2014-01-23,2014-01-03,28,8.64,0.1,241.92,184.41
10395,35,53,6,1,2013-12-26,2014-01-23,2014-01-03,70,23.58,0.1,1650.6,184.41
10395,35,69,6,1,2013-12-26,2014-01-23,2014-01-03,8,28.8,0,230.4,184.41
10396,25,23,1,3,2013-12-27,2014-01-10,2014-01-06,40,7.2,0,288,135.35
10396,25,71,1,3,2013-12-27,2014-01-10,2014-01-06,60,17.2,0,1032,135.35
10396,25,72,1,3,2013-12-27,2014-01-10,2014-01-06,21,27.8,0,583.8,135.35
10397,60,21,5,1,2013-12-27,2014-01-24,2014-01-02,10,6.8,0.15,68,60.26
10397,60,51,5,1,2013-12-27,2014-01-24,2014-01-02,18,36.04,0.15,648.72,60.26
10398,71,35,2,3,2013-12-30,2014-01-27,2014-01-09,30,14.4,0,432,89.16
10398,71,55,2,3,2013-12-30,2014-01-27,2014-01-09,120,17.28,0.1,2073.6,89.16
10399,83,68,8,3,2013-12-31,2014-01-14,2014-01-08,60,10,0,600,27.36
10399,83,71,8,3,2013-12-31,2014-01-14,2014-01-08,30,17.2,0,516,27.36
10399,83,76,8,3,2013-12-31,2014-01-14,2014-01-08,35,14.4,0,504,27.36
10399,83,77,8,3,2013-12-31,2014-01-14,2014-01-08,14,10.4,0,145.6,27.36
10400,19,29,1,3,2014-01-01,2014-01-29,2014-01-16,21,99,0,2079,83.93
10400,19,35,1,3,2014-01-01,2014-01-29,2014-01-16,35,14.4,0,504,83.93
10400,19,49,1,3,2014-01-01,2014-01-29,2014-01-16,30,16,0,480,83.93
10401,65,30,1,1,2014-01-01,2014-01-29,2014-01-10,18,20.7,0,372.6,12.51
10401,65,56,1,1,2014-01-01,2014-01-29,2014-01-10,70,30.4,0,2128,12.51
10401,65,65,1,1,2014-01-01,2014-01-29,2014-01-10,20,16.8,0,336,12.51
10401,65,71,1,1,2014-01-01,2014-01-29,2014-01-10,60,17.2,0,1032,12.51
10402,20,23,8,2,2014-01-02,2014-02-13,2014-01-10,60,7.2,0,432,67.88
10402,20,63,8,2,2014-01-02,2014-02-13,2014-01-10,65,35.1,0,2281.5,67.88
10403,20,16,4,3,2014-01-03,2014-01-31,2014-01-09,21,11.815,0.15,248.115,73.79
10403,20,48,4,3,2014-01-03,2014-01-31,2014-01-09,70,8.67,0.15,606.9,73.79
10404,49,26,2,1,2014-01-03,2014-01-31,2014-01-08,30,23.655,0.05,709.65,155.97
10404,49,42,2,1,2014-01-03,2014-01-31,2014-01-08,40,10.64,0.05,425.6,155.97
10404,49,49,2,1,2014-01-03,2014-01-31,2014-01-08,30,15.2,0.05,456,155.97
10405,47,3,1,1,2014-01-06,2014-02-03,2014-01-22,50,8,0,400,34.82
10406,62,1,7,1,2014-01-07,2014-02-18,2014-01-13,10,14.4,0,144,108.04
10406,62,21,7,1,2014-01-07,2014-02-18,2014-01-13,30,7.2,0.1,216,108.04
10406,62,28,7,1,2014-01-07,2014-02-18,2014-01-13,42,32.76,0.1,1375.92,108.04
10406,62,36,7,1,2014-01-07,2014-02-18,2014-01-13,5,13.68,0.1,68.4,108.04
10406,62,40,7,1,2014-01-07,2014-02-18,2014-01-13,2,13.23,0.1,26.46,108.04
10407,56,11,2,2,2014-01-07,2014-02-04,2014-01-30,30,16.8,0,504,91.48
10407,56,69,2,2,2014-01-07,2014-02-04,2014-01-30,15,28.8,0,432,91.48
10407,56,71,2,2,2014-01-07,2014-02-04,2014-01-30,15,17.2,0,258,91.48
10408,23,37,8,1,2014-01-08,2014-02-05,2014-01-14,10,20.8,0,208,11.26
10408,23,54,8,1,2014-01-08,2014-02-05,2014-01-14,6,5.9,0,35.4,11.26
10408,23,62,8,1,2014-01-08,2014-02-05,2014-01-14,35,39.4,0,1379,11.26
10409,54,14,3,1,2014-01-09,2014-02-06,2014-01-14,12,18.6,0,223.2,29.83
10409,54,21,3,1,2014-01-09,2014-02-06,2014-01-14,12,8,0,96,29.83
10410,10,33,3,3,2014-01-10,2014-02-07,2014-01-15,49,2,0,98,2.4
10410,10,59,3,3,2014-01-10,2014-02-07,2014-01-15,16,44,0,704,2.4
10411,10,41,9,3,2014-01-10,2014-02-07,2014-01-21,25,6.16,0.2,154,23.65
10411,10,44,9,3,2014-01-10,2014-02-07,2014-01-21,40,12.4,0.2,496,23.65
10411,10,59,9,3,2014-01-10,2014-02-07,2014-01-21,9,35.2,0.2,316.8,23.65
10412,87,14,8,2,2014-01-13,2014-02-10,2014-01-15,20,16.74,0.1,334.8,3.77
10413,41,1,3,2,2014-01-14,2014-02-11,2014-01-16,24,14.4,0,345.6,95.66
10413,41,62,3,2,2014-01-14,2014-02-11,2014-01-16,40,39.4,0,1576,95.66
10413,41,76,3,2,2014-01-14,2014-02-11,2014-01-16,14,14.4,0,201.6,95.66
10414,21,19,2,3,2014-01-14,2014-02-11,2014-01-17,18,6.935,0.05,124.83,21.48
10414,21,33,2,3,2014-01-14,2014-02-11,2014-01-17,50,2,0,100,21.48
10415,36,17,3,1,2014-01-15,2014-02-12,2014-01-24,2,31.2,0,62.4,0.2
10415,36,33,3,1,2014-01-15,2014-02-12,2014-01-24,20,2,0,40,0.2
10416,87,19,8,3,2014-01-16,2014-02-13,2014-01-27,20,7.3,0,146,22.72
10416,87,53,8,3,2014-01-16,2014-02-13,2014-01-27,10,26.2,0,262,22.72
10416,87,57,8,3,2014-01-16,2014-02-13,2014-01-27,20,15.6,0,312,22.72
10417,73,38,4,3,2014-01-16,2014-02-13,2014-01-28,50,210.8,0,10540,70.29
10417,73,46,4,3,2014-01-16,2014-02-13,2014-01-28,2,7.2,0.25,14.4,70.29
10417,73,68,4,3,2014-01-16,2014-02-13,2014-01-28,36,7.5,0.25,270,70.29
10417,73,77,4,3,2014-01-16,2014-02-13,2014-01-28,35,10.4,0,364,70.29
10418,63,2,4,1,2014-01-17,2014-02-14,2014-01-24,60,15.2,0,912,17.55
10418,63,47,4,1,2014-01-17,2014-02-14,2014-01-24,55,7.6,0,418,17.55
10418,63,61,4,1,2014-01-17,2014-02-14,2014-01-24,16,22.8,0,364.8,17.55
10418,63,74,4,1,2014-01-17,2014-02-14,2014-01-24,15,8,0,120,17.55
10419,68,60,4,2,2014-01-20,2014-02-17,2014-01-30,60,25.84,0.05,1550.4,137.35
10419,68,69,4,2,2014-01-20,2014-02-17,2014-01-30,20,27.36,0.05,547.2,137.35
10420,88,9,3,1,2014-01-21,2014-02-18,2014-01-27,20,69.84,0.1,1396.8,44.12
10420,88,13,3,1,2014-01-21,2014-02-18,2014-01-27,2,4.32,0.1,8.64,44.12
10420,88,70,3,1,2014-01-21,2014-02-18,2014-01-27,8,10.8,0.1,86.4,44.12
10420,88,73,3,1,2014-01-21,2014-02-18,2014-01-27,20,10.8,0.1,216,44.12
10421,61,19,8,1,2014-01-21,2014-03-04,2014-01-27,4,6.205,0.15,24.82,99.23
10421,61,26,8,1,2014-01-21,2014-03-04,2014-01-27,30,24.9,0,747,99.23
10421,61,53,8,1,2014-01-21,2014-03-04,2014-01-27,15,22.27,0.15,334.05,99.23
10421,61,77,8,1,2014-01-21,2014-03-04,2014-01-27,10,8.84,0.15,88.4,99.23
10422,27,26,2,1,2014-01-22,2014-02-19,2014-01-31,2,24.9,0,49.8,3.02
10423,31,31,6,3,2014-01-23,2014-02-06,2014-02-24,14,10,0,140,24.5
10423,31,59,6,3,2014-01-23,2014-02-06,2014-02-24,20,44,0,880,24.5
10424,51,35,7,2,2014-01-23,2014-02-20,2014-01-27,60,11.52,0.2,691.2,370.61
10424,51,38,7,2,2014-01-23,2014-02-20,2014-01-27,49,168.64,0.2,8263.36,370.61
10424,51,68,7,2,2014-01-23,2014-02-20,2014-01-27,30,8,0.2,240,370.61
10425,41,55,6,2,2014-01-24,2014-02-21,2014-02-14,10,14.4,0.25,144,7.93
10425,41,76,6,2,2014-01-24,2014-02-21,2014-02-14,20,10.8,0.25,216,7.93
10426,29,56,4,1,2014-01-27,2014-02-24,2014-02-06,5,30.4,0,152,18.69
10426,29,64,4,1,2014-01-27,2014-02-24,2014-02-06,7,26.6,0,186.2,18.69
10427,59,14,4,2,2014-01-27,2014-02-24,2014-03-03,35,18.6,0,651,31.29
10428,66,46,7,1,2014-01-28,2014-02-25,2014-02-04,20,9.6,0,192,11.09
10429,37,50,3,2,2014-01-29,2014-03-12,2014-02-07,40,13,0,520,56.63
10429,37,63,3,2,2014-01-29,2014-03-12,2014-02-07,35,26.325,0.25,921.375,56.63
10430,20,17,4,1,2014-01-30,2014-02-13,2014-02-03,45,24.96,0.2,1123.2,458.78
10430,20,21,4,1,2014-01-30,2014-02-13,2014-02-03,50,8,0,400,458.78
10430,20,56,4,1,2014-01-30,2014-02-13,2014-02-03,30,30.4,0,912,458.78
10430,20,59,4,1,2014-01-30,2014-02-13,2014-02-03,70,35.2,0.2,2464,458.78
10431,10,17,4,2,2014-01-30,2014-02-13,2014-02-07,50,23.4,0.25,1170,44.17
10431,10,40,4,2,2014-01-30,2014-02-13,2014-02-07,50,11.025,0.25,551.25,44.17
10431,10,47,4,2,2014-01-30,2014-02-13,2014-02-07,30,5.7,0.25,171,44.17
10432,75,26,3,2,2014-01-31,2014-02-14,2014-02-07,10,24.9,0,249,4.34
10432,75,54,3,2,2014-01-31,2014-02-14,2014-02-07,40,5.9,0,236,4.34
10433,60,56,3,3,2014-02-03,2014-03-03,2014-03-04,28,30.4,0,851.2,73.83
10434,24,11,3,2,2014-02-03,2014-03-03,2014-02-13,6,16.8,0,100.8,17.92
10434,24,76,3,2,2014-02-03,2014-03-03,2014-02-13,18,12.24,0.15,220.32,17.92
10435,16,2,8,2,2014-02-04,2014-03-18,2014-02-07,10,15.2,0,152,9.21
10435,16,22,8,2,2014-02-04,2014-03-18,2014-02-07,12,16.8,0,201.6,9.21
10435,16,72,8,2,2014-02-04,2014-03-18,2014-02-07,10,27.8,0,278,9.21
10436,7,46,3,2,2014-02-05,2014-03-05,2014-02-11,5,9.6,0,48,156.66
10436,7,56,3,2,2014-02-05,2014-03-05,2014-02-11,40,27.36,0.1,1094.4,156.66
10436,7,64,3,2,2014-02-05,2014-03-05,2014-02-11,30,23.94,0.1,718.2,156.66
10436,7,75,3,2,2014-02-05,2014-03-05,2014-02-11,24,5.58,0.1,133.92,156.66
10437,87,53,8,1,2014-02-05,2014-03-05,2014-02-12,15,26.2,0,393,19.97
10438,79,19,3,2,2014-02-06,2014-03-06,2014-02-14,15,5.84,0.2,87.6,8.24
10438,79,34,3,2,2014-02-06,2014-03-06,2014-02-14,20,8.96,0.2,179.2,8.24
10438,79,57,3,2,2014-02-06,2014-03-06,2014-02-14,15,12.48,0.2,187.2,8.24
10439,51,12,6,3,2014-02-07,2014-03-07,2014-02-10,15,30.4,0,456,4.07
10439,51,16,6,3,2014-02-07,2014-03-07,2014-02-10,16,13.9,0,222.4,4.07
10439,51,64,6,3,2014-02-07,2014-03-07,2014-02-10,6,26.6,0,159.6,4.07
10439,51,74,6,3,2014-02-07,2014-03-07,2014-02-10,30,8,0,240,4.07
10440,71,2,4,2,2014-02-10,2014-03-10,2014-02-28,45,12.92,0.15,581.4,86.53
10440,71,16,4,2,2014-02-10,2014-03-10,2014-02-28,49,11.815,0.15,578.935,86.53
10440,71,29,4,2,2014-02-10,2014-03-10,2014-02-28,24,84.15,0.15,2019.6,86.53
10440,71,61,4,2,2014-02-10,2014-03-10,2014-02-28,90,19.38,0.15,1744.2,86.53
10441,55,27,3,2,2014-02-10,2014-03-24,2014-03-14,50,35.1,0,1755,73.02
10442,20,11,3,2,2014-02-11,2014-03-11,2014-02-18,30,16.8,0,504,47.94
10442,20,54,3,2,2014-02-11,2014-03-11,2014-02-18,80,5.9,0,472,47.94
10442,20,66,3,2,2014-02-11,2014-03-11,2014-02-18,60,13.6,0,816,47.94
10443,66,11,8,1,2014-02-12,2014-03-12,2014-02-14,6,13.44,0.2,80.64,13.95
10443,66,28,8,1,2014-02-12,2014-03-12,2014-02-14,12,36.4,0,436.8,13.95
10444,5,17,3,3,2014-02-12,2014-03-12,2014-02-21,10,31.2,0,312,3.5
10444,5,26,3,3,2014-02-12,2014-03-12,2014-02-21,15,24.9,0,373.5,3.5
10444,5,35,3,3,2014-02-12,2014-03-12,2014-02-21,8,14.4,0,115.2,3.5
10444,5,41,3,3,2014-02-12,2014-03-12,2014-02-21,30,7.7,0,231,3.5
10445,5,39,3,1,2014-02-13,2014-03-13,2014-02-20,6,14.4,0,86.4,9.3
10445,5,54,3,1,2014-02-13,2014-03-13,2014-02-20,15,5.9,0,88.5,9.3
10446,79,19,6,1,2014-02-14,2014-03-14,2014-02-19,12,6.57,0.1,78.84,14.68
10446,79,24,6,1,2014-02-14,2014-03-14,2014-02-19,20,3.24,0.1,64.8,14.68
10446,79,31,6,1,2014-02-14,2014-03-14,2014-02-19,3,9,0.1,27,14.68
10446,79,52,6,1,2014-02-14,2014-03-14,2014-02-19,15,5.04,0.1,75.6,14.68
10447,67,19,4,2,2014-02-14,2014-03-14,2014-03-07,40,7.3,0,292,68.66
10447,67,65,4,2,2014-02-14,2014-03-14,2014-03-07,35,16.8,0,588,68.66
10447,67,71,4,2,2014-02-14,2014-03-14,2014-03-07,2,17.2,0,34.4,68.66
10448,64,26,4,2,2014-02-17,2014-03-17,2014-02-24,6,24.9,0,149.4,38.82
10448,64,40,4,2,2014-02-17,2014-03-17,2014-02-24,20,14.7,0,294,38.82
10449,7,10,3,2,2014-02-18,2014-03-18,2014-02-27,14,24.8,0,347.2,53.3
10449,7,52,3,2,2014-02-18,2014-03-18,2014-02-27,20,5.6,0,112,53.3
10449,7,62,3,2,2014-02-18,2014-03-18,2014-02-27,35,39.4,0,1379,53.3
10450,84,10,8,2,2014-02-19,2014-03-19,2014-03-11,20,19.84,0.2,396.8,7.23
10450,84,54,8,2,2014-02-19,2014-03-19,2014-03-11,6,4.72,0.2,28.32,7.23
10451,63,55,4,3,2014-02-19,2014-03-05,2014-03-12,120,17.28,0.1,2073.6,189.09
10451,63,64,4,3,2014-02-19,2014-03-05,2014-03-12,35,23.94,0.1,837.9,189.09
10451,63,65,4,3,2014-02-19,2014-03-05,2014-03-12,28,15.12,0.1,423.36,189.09
10451,63,77,4,3,2014-02-19,2014-03-05,2014-03-12,55,9.36,0.1,514.8,189.09
10452,71,28,8,1,2014-02-20,2014-03-20,2014-02-26,15,36.4,0,546,140.26
10452,71,44,8,1,2014-02-20,2014-03-20,2014-02-26,100,14.725,0.05,1472.5,140.26
10453,4,48,1,2,2014-02-21,2014-03-21,2014-02-26,15,9.18,0.1,137.7,25.36
10453,4,70,1,2,2014-02-21,2014-03-21,2014-02-26,25,10.8,0.1,270,25.36
10454,41,16,4,3,2014-02-21,2014-03-21,2014-02-25,20,11.12,0.2,222.4,2.74
10454,41,33,4,3,2014-02-21,2014-03-21,2014-02-25,20,1.6,0.2,32,2.74
10454,41,46,4,3,2014-02-21,2014-03-21,2014-02-25,10,7.68,0.2,76.8,2.74
10455,87,39,8,2,2014-02-24,2014-04-07,2014-03-03,20,14.4,0,288,180.45
10455,87,53,8,2,2014-02-24,2014-04-07,2014-03-03,50,26.2,0,1310,180.45
10455,87,61,8,2,2014-02-24,2014-04-07,2014-03-03,25,22.8,0,570,180.45
10455,87,71,8,2,2014-02-24,2014-04-07,2014-03-03,30,17.2,0,516,180.45
10456,39,21,8,2,2014-02-25,2014-04-08,2014-02-28,40,6.8,0.15,272,8.12
10456,39,49,8,2,2014-02-25,2014-04-08,2014-02-28,21,13.6,0.15,285.6,8.12
10457,39,59,2,1,2014-02-25,2014-03-25,2014-03-03,36,44,0,1584,11.57
10458,76,26,7,3,2014-02-26,2014-03-26,2014-03-04,30,24.9,0,747,147.06
10458,76,28,7,3,2014-02-26,2014-03-26,2014-03-04,30,36.4,0,1092,147.06
10458,76,43,7,3,2014-02-26,2014-03-26,2014-03-04,20,36.8,0,736,147.06
10458,76,56,7,3,2014-02-26,2014-03-26,2014-03-04,15,30.4,0,456,147.06
10458,76,71,7,3,2014-02-26,2014-03-26,2014-03-04,50,17.2,0,860,147.06
10459,84,7,4,2,2014-02-27,2014-03-27,2014-02-28,16,22.8,0.05,364.8,25.09
10459,84,46,4,2,2014-02-27,2014-03-27,2014-02-28,20,9.12,0.05,182.4,25.09
10459,84,72,4,2,2014-02-27,2014-03-27,2014-02-28,40,27.8,0,1112,25.09
10460,24,68,8,1,2014-02-28,2014-03-28,2014-03-03,21,7.5,0.25,157.5,16.27
10460,24,75,8,1,2014-02-28,2014-03-28,2014-03-03,4,4.65,0.25,18.6,16.27
10461,46,21,1,3,2014-02-28,2014-03-28,2014-03-05,40,6,0.25,240,148.61
10461,46,30,1,3,2014-02-28,2014-03-28,2014-03-05,28,15.525,0.25,434.7,148.61
10461,46,55,1,3,2014-02-28,2014-03-28,2014-03-05,60,14.4,0.25,864,148.61
10462,16,13,2,1,2014-03-03,2014-03-31,2014-03-18,1,4.8,0,4.8,6.17
10462,16,23,2,1,2014-03-03,2014-03-31,2014-03-18,21,7.2,0,151.2,6.17
10463,76,19,5,3,2014-03-04,2014-04-01,2014-03-06,21,7.3,0,153.3,14.78
10463,76,42,5,3,2014-03-04,2014-04-01,2014-03-06,50,11.2,0,560,14.78
10464,28,4,4,2,2014-03-04,2014-04-01,2014-03-14,16,14.08,0.2,225.28,89
10464,28,43,4,2,2014-03-04,2014-04-01,2014-03-14,3,36.8,0,110.4,89
10464,28,56,4,2,2014-03-04,2014-04-01,2014-03-14,30,24.32,0.2,729.6,89
10464,28,60,4,2,2014-03-04,2014-04-01,2014-03-14,20,27.2,0,544,89
10465,83,24,1,3,2014-03-05,2014-04-02,2014-03-14,25,3.6,0,90,145.04
10465,83,29,1,3,2014-03-05,2014-04-02,2014-03-14,18,89.1,0.1,1603.8,145.04
10465,83,40,1,3,2014-03-05,2014-04-02,2014-03-14,20,14.7,0,294,145.04
10465,83,45,1,3,2014-03-05,2014-04-02,2014-03-14,30,6.84,0.1,205.2,145.04
10465,83,50,1,3,2014-03-05,2014-04-02,2014-03-14,25,13,0,325,145.04
10466,15,11,4,1,2014-03-06,2014-04-03,2014-03-13,10,16.8,0,168,11.93
10466,15,46,4,1,2014-03-06,2014-04-03,2014-03-13,5,9.6,0,48,11.93
10467,49,24,8,2,2014-03-06,2014-04-03,2014-03-11,28,3.6,0,100.8,4.93
10467,49,25,8,2,2014-03-06,2014-04-03,2014-03-11,12,11.2,0,134.4,4.93
10468,39,30,3,3,2014-03-07,2014-04-04,2014-03-12,8,20.7,0,165.6,44.12
10468,39,43,3,3,2014-03-07,2014-04-04,2014-03-12,15,36.8,0,552,44.12
10469,89,2,1,1,2014-03-10,2014-04-07,2014-03-14,40,12.92,0.15,516.8,60.18
10469,89,16,1,1,2014-03-10,2014-04-07,2014-03-14,35,11.815,0.15,413.525,60.18
10469,89,44,1,1,2014-03-10,2014-04-07,2014-03-14,2,13.175,0.15,26.35,60.18
10470,9,18,4,2,2014-03-11,2014-04-08,2014-03-14,30,50,0,1500,64.56
10470,9,23,4,2,2014-03-11,2014-04-08,2014-03-14,15,7.2,0,108,64.56
10470,9,64,4,2,2014-03-11,2014-04-08,2014-03-14,8,26.6,0,212.8,64.56
10471,11,7,2,3,2014-03-11,2014-04-08,2014-03-18,30,24,0,720,45.59
10471,11,56,2,3,2014-03-11,2014-04-08,2014-03-18,20,30.4,0,608,45.59
10472,72,24,8,1,2014-03-12,2014-04-09,2014-03-19,80,3.42,0.05,273.6,4.2
10472,72,51,8,1,2014-03-12,2014-04-09,2014-03-19,18,42.4,0,763.2,4.2
10473,38,33,1,3,2014-03-13,2014-03-27,2014-03-21,12,2,0,24,16.37
10473,38,71,1,3,2014-03-13,2014-03-27,2014-03-21,12,17.2,0,206.4,16.37
10474,58,14,5,2,2014-03-13,2014-04-10,2014-03-21,12,18.6,0,223.2,83.49
10474,58,28,5,2,2014-03-13,2014-04-10,2014-03-21,18,36.4,0,655.2,83.49
10474,58,40,5,2,2014-03-13,2014-04-10,2014-03-21,21,14.7,0,308.7,83.49
10474,58,75,5,2,2014-03-13,2014-04-10,2014-03-21,10,6.2,0,62,83.49
10475,76,31,9,1,2014-03-14,2014-04-11,2014-04-04,35,8.5,0.15,297.5,68.52
10475,76,66,9,1,2014-03-14,2014-04-11,2014-04-04,60,11.56,0.15,693.6,68.52
10475,76,76,9,1,2014-03-14,2014-04-11,2014-04-04,42,12.24,0.15,514.08,68.52
10476,35,55,8,3,2014-03-17,2014-04-14,2014-03-24,2,18.24,0.05,36.48,4.41
10476,35,70,8,3,2014-03-17,2014-04-14,2014-03-24,12,12,0,144,4.41
10477,60,1,5,2,2014-03-17,2014-04-14,2014-03-25,15,14.4,0,216,13.02
10477,60,21,5,2,2014-03-17,2014-04-14,2014-03-25,21,6,0.25,126,13.02
10477,60,39,5,2,2014-03-17,2014-04-14,2014-03-25,20,10.8,0.25,216,13.02
10478,84,10,2,3,2014-03-18,2014-04-01,2014-03-26,20,23.56,0.05,471.2,4.81
10479,65,38,3,3,2014-03-19,2014-04-16,2014-03-21,30,210.8,0,6324,708.95
10479,65,53,3,3,2014-03-19,2014-04-16,2014-03-21,28,26.2,0,733.6,708.95
10479,65,59,3,3,2014-03-19,2014-04-16,2014-03-21,60,44,0,2640,708.95
10479,65,64,3,3,2014-03-19,2014-04-16,2014-03-21,30,26.6,0,798,708.95
10480,23,47,6,2,2014-03-20,2014-04-17,2014-03-24,30,7.6,0,228,1.35
10480,23,59,6,2,2014-03-20,2014-04-17,2014-03-24,12,44,0,528,1.35
10481,67,49,8,2,2014-03-20,2014-04-17,2014-03-25,24,16,0,384,64.33
10481,67,60,8,2,2014-03-20,2014-04-17,2014-03-25,40,27.2,0,1088,64.33
10482,43,40,1,3,2014-03-21,2014-04-18,2014-04-10,10,14.7,0,147,7.48
10483,89,34,7,2,2014-03-24,2014-04-21,2014-04-25,35,10.64,0.05,372.4,15.28
10483,89,77,7,2,2014-03-24,2014-04-21,2014-04-25,30,9.88,0.05,296.4,15.28
10484,11,21,3,3,2014-03-24,2014-04-21,2014-04-01,14,8,0,112,6.88
10484,11,40,3,3,2014-03-24,2014-04-21,2014-04-01,10,14.7,0,147,6.88
10484,11,51,3,3,2014-03-24,2014-04-21,2014-04-01,3,42.4,0,127.2,6.88
10485,47,2,4,2,2014-03-25,2014-04-08,2014-03-31,20,13.68,0.1,273.6,64.45
10485,47,3,4,2,2014-03-25,2014-04-08,2014-03-31,20,7.2,0.1,144,64.45
10485,47,55,4,2,2014-03-25,2014-04-08,2014-03-31,30,17.28,0.1,518.4,64.45
10485,47,70,4,2,2014-03-25,2014-04-08,2014-03-31,60,10.8,0.1,648,64.45
10486,35,11,1,2,2014-03-26,2014-04-23,2014-04-02,5,16.8,0,84,30.53
10486,35,51,1,2,2014-03-26,2014-04-23,2014-04-02,25,42.4,0,1060,30.53
10486,35,74,1,2,2014-03-26,2014-04-23,2014-04-02,16,8,0,128,30.53
10487,62,19,2,2,2014-03-26,2014-04-23,2014-03-28,5,7.3,0,36.5,71.07
10487,62,26,2,2,2014-03-26,2014-04-23,2014-03-28,30,24.9,0,747,71.07
10487,62,54,2,2,2014-03-26,2014-04-23,2014-03-28,24,4.425,0.25,106.2,71.07
10488,25,59,8,2,2014-03-27,2014-04-24,2014-04-02,30,44,0,1320,4.93
10488,25,73,8,2,2014-03-27,2014-04-24,2014-04-02,20,9.6,0.2,192,4.93
10489,59,11,6,2,2014-03-28,2014-04-25,2014-04-09,15,12.6,0.25,189,5.29
10489,59,16,6,2,2014-03-28,2014-04-25,2014-04-09,18,13.9,0,250.2,5.29
10490,35,59,7,2,2014-03-31,2014-04-28,2014-04-03,60,44,0,2640,210.19
10490,35,68,7,2,2014-03-31,2014-04-28,2014-04-03,30,10,0,300,210.19
10490,35,75,7,2,2014-03-31,2014-04-28,2014-04-03,36,6.2,0,223.2,210.19
10491,28,44,8,3,2014-03-31,2014-04-28,2014-04-08,15,13.175,0.15,197.625,16.96
10491,28,77,8,3,2014-03-31,2014-04-28,2014-04-08,7,8.84,0.15,61.88,16.96
10492,10,25,3,1,2014-04-01,2014-04-29,2014-04-11,60,10.64,0.05,638.4,62.89
10492,10,42,3,1,2014-04-01,2014-04-29,2014-04-11,20,10.64,0.05,212.8,62.89
10493,41,65,4,3,2014-04-02,2014-04-30,2014-04-10,15,15.12,0.1,226.8,10.64
10493,41,66,4,3,2014-04-02,2014-04-30,2014-04-10,10,12.24,0.1,122.4,10.64
10493,41,69,4,3,2014-04-02,2014-04-30,2014-04-10,10,25.92,0.1,259.2,10.64
10494,15,56,4,2,2014-04-02,2014-04-30,2014-04-09,30,30.4,0,912,65.99
10495,42,23,3,3,2014-04-03,2014-05-01,2014-04-11,10,7.2,0,72,4.65
10495,42,41,3,3,2014-04-03,2014-05-01,2014-04-11,20,7.7,0,154,4.65
10495,42,77,3,3,2014-04-03,2014-05-01,2014-04-11,5,10.4,0,52,4.65
10496,81,31,7,2,2014-04-04,2014-05-02,2014-04-07,20,9.5,0.05,190,46.77
10497,44,56,7,1,2014-04-04,2014-05-02,2014-04-07,14,30.4,0,425.6,36.21
10497,44,72,7,1,2014-04-04,2014-05-02,2014-04-07,25,27.8,0,695,36.21
10497,44,77,7,1,2014-04-04,2014-05-02,2014-04-07,25,10.4,0,260,36.21
10498,35,24,8,2,2014-04-07,2014-05-05,2014-04-11,14,4.5,0,63,29.75
10498,35,40,8,2,2014-04-07,2014-05-05,2014-04-11,5,18.4,0,92,29.75
10498,35,42,8,2,2014-04-07,2014-05-05,2014-04-11,30,14,0,420,29.75
10499,46,28,4,2,2014-04-08,2014-05-06,2014-04-16,20,45.6,0,912,102.02
10499,46,49,4,2,2014-04-08,2014-05-06,2014-04-16,25,20,0,500,102.02
10500,41,15,6,1,2014-04-09,2014-05-07,2014-04-17,12,14.725,0.05,176.7,42.68
10500,41,28,6,1,2014-04-09,2014-05-07,2014-04-17,8,43.32,0.05,346.56,42.68
10501,6,54,9,3,2014-04-09,2014-05-07,2014-04-16,20,7.45,0,149,8.85
10502,58,45,2,1,2014-04-10,2014-05-08,2014-04-29,21,9.5,0,199.5,69.32
10502,58,53,2,1,2014-04-10,2014-05-08,2014-04-29,6,32.8,0,196.8,69.32
10502,58,67,2,1,2014-04-10,2014-05-08,2014-04-29,30,14,0,420,69.32
10503,37,14,6,2,2014-04-11,2014-05-09,2014-04-16,70,23.25,0,1627.5,16.74
10503,37,65,6,2,2014-04-11,2014-05-09,2014-04-16,20,21.05,0,421,16.74
10504,89,2,4,3,2014-04-11,2014-05-09,2014-04-18,12,19,0,228,59.13
10504,89,21,4,3,2014-04-11,2014-05-09,2014-04-18,12,10,0,120,59.13
10504,89,53,4,3,2014-04-11,2014-05-09,2014-04-18,10,32.8,0,328,59.13
10504,89,61,4,3,2014-04-11,2014-05-09,2014-04-18,25,28.5,0,712.5,59.13
10505,51,62,3,3,2014-04-14,2014-05-12,2014-04-21,3,49.3,0,147.9,7.13
10506,39,25,9,2,2014-04-15,2014-05-13,2014-05-02,18,12.6,0.1,226.8,21.19
10506,39,70,9,2,2014-04-15,2014-05-13,2014-05-02,14,13.5,0.1,189,21.19
10507,3,43,7,1,2014-04-15,2014-05-13,2014-04-22,15,39.1,0.15,586.5,47.45
10507,3,48,7,1,2014-04-15,2014-05-13,2014-04-22,15,10.8375,0.15,162.5625,47.45
10508,56,13,1,2,2014-04-16,2014-05-14,2014-05-13,10,6,0,60,4.99
10508,56,39,1,2,2014-04-16,2014-05-14,2014-05-13,10,18,0,180,4.99
10509,6,28,4,1,2014-04-17,2014-05-15,2014-04-29,3,45.6,0,136.8,0.15
10510,71,29,6,3,2014-04-18,2014-05-16,2014-04-28,36,123.79,0,4456.44,367.63
10510,71,75,6,3,2014-04-18,2014-05-16,2014-04-28,36,6.975,0.1,251.1,367.63
10511,9,4,4,3,2014-04-18,2014-05-16,2014-04-21,50,18.7,0.15,935,350.64
10511,9,7,4,3,2014-04-18,2014-05-16,2014-04-21,50,25.5,0.15,1275,350.64
10511,9,8,4,3,2014-04-18,2014-05-16,2014-04-21,10,34,0.15,340,350.64
10512,21,24,7,2,2014-04-21,2014-05-19,2014-04-24,10,3.825,0.15,38.25,3.53
10512,21,46,7,2,2014-04-21,2014-05-19,2014-04-24,9,10.2,0.15,91.8,3.53
10512,21,47,7,2,2014-04-21,2014-05-19,2014-04-24,6,8.075,0.15,48.45,3.53
10512,21,60,7,2,2014-04-21,2014-05-19,2014-04-24,12,28.9,0.15,346.8,3.53
10513,86,21,7,1,2014-04-22,2014-06-03,2014-04-28,40,8,0.2,320,105.65
10513,86,32,7,1,2014-04-22,2014-06-03,2014-04-28,50,25.6,0.2,1280,105.65
10513,86,61,7,1,2014-04-22,2014-06-03,2014-04-28,15,22.8,0.2,342,105.65
10514,20,20,3,2,2014-04-22,2014-05-20,2014-05-16,39,81,0,3159,789.95
10514,20,28,3,2,2014-04-22,2014-05-20,2014-05-16,35,45.6,0,1596,789.95
10514,20,56,3,2,2014-04-22,2014-05-20,2014-05-16,70,38,0,2660,789.95
10514,20,65,3,2,2014-04-22,2014-05-20,2014-05-16,39,21.05,0,820.95,789.95
10514,20,75,3,2,2014-04-22,2014-05-20,2014-05-16,50,7.75,0,387.5,789.95
10515,63,9,2,1,2014-04-23,2014-05-07,2014-05-23,16,82.45,0.15,1319.2,204.47
10515,63,16,2,1,2014-04-23,2014-05-07,2014-05-23,50,17.45,0,872.5,204.47
10515,63,27,2,1,2014-04-23,2014-05-07,2014-05-23,120,43.9,0,5268,204.47
10515,63,33,2,1,2014-04-23,2014-05-07,2014-05-23,16,2.125,0.15,34,204.47
10515,63,60,2,1,2014-04-23,2014-05-07,2014-05-23,84,28.9,0.15,2427.6,204.47
10516,37,18,2,3,2014-04-24,2014-05-22,2014-05-01,25,56.25,0.1,1406.25,62.78
10516,37,41,2,3,2014-04-24,2014-05-22,2014-05-01,80,8.685,0.1,694.8,62.78
10516,37,42,2,3,2014-04-24,2014-05-22,2014-05-01,20,14,0,280,62.78
10517,53,52,3,3,2014-04-24,2014-05-22,2014-04-29,6,7,0,42,32.07
10517,53,59,3,3,2014-04-24,2014-05-22,2014-04-29,4,55,0,220,32.07
10517,53,70,3,3,2014-04-24,2014-05-22,2014-04-29,6,15,0,90,32.07
10518,80,24,4,2,2014-04-25,2014-05-09,2014-05-05,5,4.5,0,22.5,218.15
10518,80,38,4,2,2014-04-25,2014-05-09,2014-05-05,15,263.5,0,3952.5,218.15
10518,80,44,4,2,2014-04-25,2014-05-09,2014-05-05,9,19.45,0,175.05,218.15
10519,14,10,6,3,2014-04-28,2014-05-26,2014-05-01,16,29.45,0.05,471.2,91.76
10519,14,56,6,3,2014-04-28,2014-05-26,2014-05-01,40,38,0,1520,91.76
10519,14,60,6,3,2014-04-28,2014-05-26,2014-05-01,10,32.3,0.05,323,91.76
10520,70,24,7,1,2014-04-29,2014-05-27,2014-05-01,8,4.5,0,36,13.37
10520,70,53,7,1,2014-04-29,2014-05-27,2014-05-01,5,32.8,0,164,13.37
10521,12,35,8,2,2014-04-29,2014-05-27,2014-05-02,3,18,0,54,17.22
10521,12,41,8,2,2014-04-29,2014-05-27,2014-05-02,10,9.65,0,96.5,17.22
10521,12,68,8,2,2014-04-29,2014-05-27,2014-05-02,6,12.5,0,75,17.22
10522,44,1,4,1,2014-04-30,2014-05-28,2014-05-06,40,14.4,0.2,576,45.33
10522,44,8,4,1,2014-04-30,2014-05-28,2014-05-06,24,40,0,960,45.33
10522,44,30,4,1,2014-04-30,2014-05-28,2014-05-06,20,20.712,0.2,414.24,45.33
10522,44,40,4,1,2014-04-30,2014-05-28,2014-05-06,25,14.72,0.2,368,45.33
10523,72,17,7,2,2014-05-01,2014-05-29,2014-05-30,25,35.1,0.1,877.5,77.63
10523,72,20,7,2,2014-05-01,2014-05-29,2014-05-30,15,72.9,0.1,1093.5,77.63
10523,72,37,7,2,2014-05-01,2014-05-29,2014-05-30,18,23.4,0.1,421.2,77.63
10523,72,41,7,2,2014-05-01,2014-05-29,2014-05-30,6,8.685,0.1,52.11,77.63
10524,5,10,1,2,2014-05-01,2014-05-29,2014-05-07,2,31,0,62,244.79
10524,5,30,1,2,2014-05-01,2014-05-29,2014-05-07,10,25.89,0,258.9,244.79
10524,5,43,1,2,2014-05-01,2014-05-29,2014-05-07,60,46,0,2760,244.79
10524,5,54,1,2,2014-05-01,2014-05-29,2014-05-07,15,7.45,0,111.75,244.79
10525,9,36,1,2,2014-05-02,2014-05-30,2014-05-23,30,19,0,570,11.06
10525,9,40,1,2,2014-05-02,2014-05-30,2014-05-23,15,16.56,0.1,248.4,11.06
10526,87,1,4,2,2014-05-05,2014-06-02,2014-05-15,8,15.3,0.15,122.4,58.59
10526,87,13,4,2,2014-05-05,2014-06-02,2014-05-15,10,6,0,60,58.59
10526,87,56,4,2,2014-05-05,2014-06-02,2014-05-15,30,32.3,0.15,969,58.59
10527,63,4,7,1,2014-05-05,2014-06-02,2014-05-07,50,19.8,0.1,990,41.9
10527,63,36,7,1,2014-05-05,2014-06-02,2014-05-07,30,17.1,0.1,513,41.9
10528,32,11,6,2,2014-05-06,2014-05-20,2014-05-09,3,21,0,63,3.35
10528,32,33,6,2,2014-05-06,2014-05-20,2014-05-09,8,2,0.2,16,3.35
10528,32,72,6,2,2014-05-06,2014-05-20,2014-05-09,9,34.8,0,313.2,3.35
10529,50,55,5,2,2014-05-07,2014-06-04,2014-05-09,14,24,0,336,66.69
10529,50,68,5,2,2014-05-07,2014-06-04,2014-05-09,20,12.5,0,250,66.69
10529,50,69,5,2,2014-05-07,2014-06-04,2014-05-09,10,36,0,360,66.69
10530,59,17,3,2,2014-05-08,2014-06-05,2014-05-12,40,39,0,1560,339.22
10530,59,43,3,2,2014-05-08,2014-06-05,2014-05-12,25,46,0,1150,339.22
10530,59,61,3,2,2014-05-08,2014-06-05,2014-05-12,20,28.5,0,570,339.22
10530,59,76,3,2,2014-05-08,2014-06-05,2014-05-12,50,18,0,900,339.22
10531,54,59,7,1,2014-05-08,2014-06-05,2014-05-19,2,55,0,110,8.12
10532,19,30,7,3,2014-05-09,2014-06-06,2014-05-12,15,25.89,0,388.35,74.46
10532,19,66,7,3,2014-05-09,2014-06-06,2014-05-12,24,17,0,408,74.46
10533,24,4,8,1,2014-05-12,2014-06-09,2014-05-22,50,20.9,0.05,1045,188.04
10533,24,72,8,1,2014-05-12,2014-06-09,2014-05-22,24,34.8,0,835.2,188.04
10533,24,73,8,1,2014-05-12,2014-06-09,2014-05-22,24,14.25,0.05,342,188.04
10534,44,30,8,2,2014-05-12,2014-06-09,2014-05-14,10,25.89,0,258.9,27.94
10534,44,40,8,2,2014-05-12,2014-06-09,2014-05-14,10,14.72,0.2,147.2,27.94
10534,44,54,8,2,2014-05-12,2014-06-09,2014-05-14,10,5.96,0.2,59.6,27.94
10535,3,11,4,1,2014-05-13,2014-06-10,2014-05-21,50,18.9,0.1,945,15.64
10535,3,40,4,1,2014-05-13,2014-06-10,2014-05-21,10,16.56,0.1,165.6,15.64
10535,3,57,4,1,2014-05-13,2014-06-10,2014-05-21,5,17.55,0.1,87.75,15.64
10535,3,59,4,1,2014-05-13,2014-06-10,2014-05-21,15,49.5,0.1,742.5,15.64
10536,44,12,3,2,2014-05-14,2014-06-11,2014-06-06,15,28.5,0.25,427.5,58.88
10536,44,31,3,2,2014-05-14,2014-06-11,2014-06-06,20,12.5,0,250,58.88
10536,44,33,3,2,2014-05-14,2014-06-11,2014-06-06,30,2.5,0,75,58.88
10536,44,60,3,2,2014-05-14,2014-06-11,2014-06-06,35,25.5,0.25,892.5,58.88
10537,68,31,1,1,2014-05-14,2014-05-28,2014-05-19,30,12.5,0,375,78.85
10537,68,51,1,1,2014-05-14,2014-05-28,2014-05-19,6,53,0,318,78.85
10537,68,58,1,1,2014-05-14,2014-05-28,2014-05-19,20,13.25,0,265,78.85
10537,68,72,1,1,2014-05-14,2014-05-28,2014-05-19,21,34.8,0,730.8,78.85
10537,68,73,1,1,2014-05-14,2014-05-28,2014-05-19,9,15,0,135,78.85
10538,11,70,9,3,2014-05-15,2014-06-12,2014-05-16,7,15,0,105,4.87
10538,11,72,9,3,2014-05-15,2014-06-12,2014-05-16,1,34.8,0,34.8,4.87
10539,11,13,6,3,2014-05-16,2014-06-13,2014-05-23,8,6,0,48,12.36
10539,11,21,6,3,2014-05-16,2014-06-13,2014-05-23,15,10,0,150,12.36
10539,11,33,6,3,2014-05-16,2014-06-13,2014-05-23,15,2.5,0,37.5,12.36
10539,11,49,6,3,2014-05-16,2014-06-13,2014-05-23,6,20,0,120,12.36
10540,63,3,3,3,2014-05-19,2014-06-16,2014-06-13,60,10,0,600,1007.64
10540,63,26,3,3,2014-05-19,2014-06-16,2014-06-13,40,31.23,0,1249.2,1007.64
10540,63,38,3,3,2014-05-19,2014-06-16,2014-06-13,30,263.5,0,7905,1007.64
10540,63,68,3,3,2014-05-19,2014-06-16,2014-06-13,35,12.5,0,437.5,1007.64
10541,34,24,2,1,2014-05-19,2014-06-16,2014-05-29,35,4.05,0.1,141.75,68.65
10541,34,38,2,1,2014-05-19,2014-06-16,2014-05-29,4,237.15,0.1,948.6,68.65
10541,34,65,2,1,2014-05-19,2014-06-16,2014-05-29,36,18.945,0.1,682.02,68.65
10541,34,71,2,1,2014-05-19,2014-06-16,2014-05-29,9,19.35,0.1,174.15,68.65
10542,39,11,1,3,2014-05-20,2014-06-17,2014-05-26,15,19.95,0.05,299.25,10.95
10542,39,54,1,3,2014-05-20,2014-06-17,2014-05-26,24,7.0775,0.05,169.86,10.95
10543,46,12,8,2,2014-05-21,2014-06-18,2014-05-23,30,32.3,0.15,969,48.17
10543,46,23,8,2,2014-05-21,2014-06-18,2014-05-23,70,7.65,0.15,535.5,48.17
10544,48,28,4,1,2014-05-21,2014-06-18,2014-05-30,7,45.6,0,319.2,24.91
10544,48,67,4,1,2014-05-21,2014-06-18,2014-05-30,7,14,0,98,24.91
10545,43,11,8,2,2014-05-22,2014-06-19,2014-06-26,10,21,0,210,11.92
10546,84,7,1,3,2014-05-23,2014-06-20,2014-05-27,10,30,0,300,194.72
10546,84,35,1,3,2014-05-23,2014-06-20,2014-05-27,30,18,0,540,194.72
10546,84,62,1,3,2014-05-23,2014-06-20,2014-05-27,40,49.3,0,1972,194.72
10547,72,32,3,2,2014-05-23,2014-06-20,2014-06-02,24,27.2,0.15,652.8,178.43
10547,72,36,3,2,2014-05-23,2014-06-20,2014-06-02,60,19,0,1140,178.43
10548,79,34,3,2,2014-05-26,2014-06-23,2014-06-02,10,10.5,0.25,105,1.43
10548,79,41,3,2,2014-05-26,2014-06-23,2014-06-02,14,9.65,0,135.1,1.43
10549,63,31,5,1,2014-05-27,2014-06-10,2014-05-30,55,10.625,0.15,584.375,171.24
10549,63,45,5,1,2014-05-27,2014-06-10,2014-05-30,100,8.075,0.15,807.5,171.24
10549,63,51,5,1,2014-05-27,2014-06-10,2014-05-30,48,45.05,0.15,2162.4,171.24
10550,30,17,7,3,2014-05-28,2014-06-25,2014-06-06,8,35.1,0.1,280.8,4.32
10550,30,19,7,3,2014-05-28,2014-06-25,2014-06-06,10,9.2,0,92,4.32
10550,30,21,7,3,2014-05-28,2014-06-25,2014-06-06,6,9,0.1,54,4.32
10550,30,61,7,3,2014-05-28,2014-06-25,2014-06-06,10,25.65,0.1,256.5,4.32
10551,28,16,4,3,2014-05-28,2014-07-09,2014-06-06,40,14.8325,0.15,593.3,72.95
10551,28,35,4,3,2014-05-28,2014-07-09,2014-06-06,20,15.3,0.15,306,72.95
10551,28,44,4,3,2014-05-28,2014-07-09,2014-06-06,40,19.45,0,778,72.95
10552,35,69,2,1,2014-05-29,2014-06-26,2014-06-05,18,36,0,648,83.22
10552,35,75,2,1,2014-05-29,2014-06-26,2014-06-05,30,7.75,0,232.5,83.22
10553,87,11,2,2,2014-05-30,2014-06-27,2014-06-03,15,21,0,315,149.49
10553,87,16,2,2,2014-05-30,2014-06-27,2014-06-03,14,17.45,0,244.3,149.49
10553,87,22,2,2,2014-05-30,2014-06-27,2014-06-03,24,21,0,504,149.49
10553,87,31,2,2,2014-05-30,2014-06-27,2014-06-03,30,12.5,0,375,149.49
10553,87,35,2,2,2014-05-30,2014-06-27,2014-06-03,6,18,0,108,149.49
10554,56,16,4,3,2014-05-30,2014-06-27,2014-06-05,30,16.5775,0.05,497.325,120.97
10554,56,23,4,3,2014-05-30,2014-06-27,2014-06-05,20,8.55,0.05,171,120.97
10554,56,62,4,3,2014-05-30,2014-06-27,2014-06-05,20,46.835,0.05,936.7,120.97
10554,56,77,4,3,2014-05-30,2014-06-27,2014-06-05,10,12.35,0.05,123.5,120.97
10555,71,14,6,3,2014-06-02,2014-06-30,2014-06-04,30,18.6,0.2,558,252.49
10555,71,19,6,3,2014-06-02,2014-06-30,2014-06-04,35,7.36,0.2,257.6,252.49
10555,71,24,6,3,2014-06-02,2014-06-30,2014-06-04,18,3.6,0.2,64.8,252.49
10555,71,51,6,3,2014-06-02,2014-06-30,2014-06-04,20,42.4,0.2,848,252.49
10555,71,56,6,3,2014-06-02,2014-06-30,2014-06-04,40,30.4,0.2,1216,252.49
10556,73,72,2,1,2014-06-03,2014-07-15,2014-06-13,24,34.8,0,835.2,9.8
10557,44,64,9,2,2014-06-03,2014-06-17,2014-06-06,30,33.25,0,997.5,96.72
10557,44,75,9,2,2014-06-03,2014-06-17,2014-06-06,20,7.75,0,155,96.72
10558,4,47,1,2,2014-06-04,2014-07-02,2014-06-10,25,9.5,0,237.5,72.97
10558,4,51,1,2,2014-06-04,2014-07-02,2014-06-10,20,53,0,1060,72.97
10558,4,52,1,2,2014-06-04,2014-07-02,2014-06-10,30,7,0,210,72.97
10558,4,53,1,2,2014-06-04,2014-07-02,2014-06-10,18,32.8,0,590.4,72.97
10558,4,73,1,2,2014-06-04,2014-07-02,2014-06-10,3,15,0,45,72.97
10559,7,41,6,1,2014-06-05,2014-07-03,2014-06-13,12,9.1675,0.05,110.01,8.05
10559,7,55,6,1,2014-06-05,2014-07-03,2014-06-13,18,22.8,0.05,410.4,8.05
10560,25,30,8,1,2014-06-06,2014-07-04,2014-06-09,20,25.89,0,517.8,36.65
10560,25,62,8,1,2014-06-06,2014-07-04,2014-06-09,15,36.975,0.25,554.625,36.65
10561,24,44,2,2,2014-06-06,2014-07-04,2014-06-09,10,19.45,0,194.5,242.21
10561,24,51,2,2,2014-06-06,2014-07-04,2014-06-09,50,53,0,2650,242.21
10562,66,33,1,1,2014-06-09,2014-07-07,2014-06-12,20,2.25,0.1,45,22.95
10562,66,62,1,1,2014-06-09,2014-07-07,2014-06-12,10,44.37,0.1,443.7,22.95
10563,67,36,2,2,2014-06-10,2014-07-22,2014-06-24,25,19,0,475,60.43
10563,67,52,2,2,2014-06-10,2014-07-22,2014-06-24,70,7,0,490,60.43
10564,65,17,4,3,2014-06-10,2014-07-08,2014-06-16,16,37.05,0.05,592.8,13.75
10564,65,31,4,3,2014-06-10,2014-07-08,2014-06-16,6,11.875,0.05,71.25,13.75
10564,65,55,4,3,2014-06-10,2014-07-08,2014-06-16,25,22.8,0.05,570,13.75
10565,51,24,8,2,2014-06-11,2014-07-09,2014-06-18,25,4.05,0.1,101.25,7.15
10565,51,64,8,2,2014-06-11,2014-07-09,2014-06-18,18,29.925,0.1,538.65,7.15
10566,7,11,9,1,2014-06-12,2014-07-10,2014-06-18,35,17.85,0.15,624.75,88.4
10566,7,18,9,1,2014-06-12,2014-07-10,2014-06-18,18,53.125,0.15,956.25,88.4
10566,7,76,9,1,2014-06-12,2014-07-10,2014-06-18,10,18,0,180,88.4
10567,37,31,1,1,2014-06-12,2014-07-10,2014-06-17,60,10,0.2,600,33.97
10567,37,51,1,1,2014-06-12,2014-07-10,2014-06-17,3,53,0,159,33.97
10567,37,59,1,1,2014-06-12,2014-07-10,2014-06-17,40,44,0.2,1760,33.97
10568,29,10,3,3,2014-06-13,2014-07-11,2014-07-09,5,31,0,155,6.54
10569,65,31,5,1,2014-06-16,2014-07-14,2014-07-11,35,10,0.2,350,58.98
10569,65,76,5,1,2014-06-16,2014-07-14,2014-07-11,30,18,0,540,58.98
10570,51,11,3,3,2014-06-17,2014-07-15,2014-06-19,15,19.95,0.05,299.25,188.99
10570,51,56,3,3,2014-06-17,2014-07-15,2014-06-19,60,36.1,0.05,2166,188.99
10571,20,14,8,3,2014-06-17,2014-07-29,2014-07-04,11,19.7625,0.15,217.3875,26.06
10571,20,42,8,3,2014-06-17,2014-07-29,2014-07-04,28,11.9,0.15,333.2,26.06
10572,5,16,3,2,2014-06-18,2014-07-16,2014-06-25,12,15.705,0.1,188.46,116.43
10572,5,32,3,2,2014-06-18,2014-07-16,2014-06-25,10,28.8,0.1,288,116.43
10572,5,40,3,2,2014-06-18,2014-07-16,2014-06-25,50,18.4,0,920,116.43
10572,5,75,3,2,2014-06-18,2014-07-16,2014-06-25,15,6.975,0.1,104.625,116.43
10573,3,17,7,3,2014-06-19,2014-07-17,2014-06-20,18,39,0,702,84.84
10573,3,34,7,3,2014-06-19,2014-07-17,2014-06-20,40,14,0,560,84.84
10573,3,53,7,3,2014-06-19,2014-07-17,2014-06-20,25,32.8,0,820,84.84
10574,82,33,4,2,2014-06-19,2014-07-17,2014-06-30,14,2.5,0,35,37.6
10574,82,40,4,2,2014-06-19,2014-07-17,2014-06-30,2,18.4,0,36.8,37.6
10574,82,62,4,2,2014-06-19,2014-07-17,2014-06-30,10,49.3,0,493,37.6
10574,82,64,4,2,2014-06-19,2014-07-17,2014-06-30,6,33.25,0,199.5,37.6
10575,52,59,5,1,2014-06-20,2014-07-04,2014-06-30,12,55,0,660,127.34
10575,52,63,5,1,2014-06-20,2014-07-04,2014-06-30,6,43.9,0,263.4,127.34
10575,52,72,5,1,2014-06-20,2014-07-04,2014-06-30,30,34.8,0,1044,127.34
10575,52,76,5,1,2014-06-20,2014-07-04,2014-06-30,10,18,0,180,127.34
10576,80,1,3,3,2014-06-23,2014-07-07,2014-06-30,10,18,0,180,18.56
10576,80,31,3,3,2014-06-23,2014-07-07,2014-06-30,20,12.5,0,250,18.56
10576,80,44,3,3,2014-06-23,2014-07-07,2014-06-30,21,19.45,0,408.45,18.56
10577,82,39,9,2,2014-06-23,2014-08-04,2014-06-30,10,18,0,180,25.41
10577,82,75,9,2,2014-06-23,2014-08-04,2014-06-30,20,7.75,0,155,25.41
10577,82,77,9,2,2014-06-23,2014-08-04,2014-06-30,18,13,0,234,25.41
10578,11,35,4,3,2014-06-24,2014-07-22,2014-07-25,20,18,0,360,29.6
10578,11,57,4,3,2014-06-24,2014-07-22,2014-07-25,6,19.5,0,117,29.6
10579,45,15,1,2,2014-06-25,2014-07-23,2014-07-04,10,15.5,0,155,13.73
10579,45,75,1,2,2014-06-25,2014-07-23,2014-07-04,21,7.75,0,162.75,13.73
10580,56,14,4,3,2014-06-26,2014-07-24,2014-07-01,15,22.0875,0.05,331.3125,75.89
10580,56,41,4,3,2014-06-26,2014-07-24,2014-07-01,9,9.1675,0.05,82.5075,75.89
10580,56,65,4,3,2014-06-26,2014-07-24,2014-07-01,30,19.9975,0.05,599.925,75.89
10581,21,75,3,1,2014-06-26,2014-07-24,2014-07-02,50,6.2,0.2,310,3.01
10582,6,57,3,2,2014-06-27,2014-07-25,2014-07-14,4,19.5,0,78,27.71
10582,6,76,3,2,2014-06-27,2014-07-25,2014-07-14,14,18,0,252,27.71
10583,87,29,2,2,2014-06-30,2014-07-28,2014-07-04,10,123.79,0,1237.9,7.28
10583,87,60,2,2,2014-06-30,2014-07-28,2014-07-04,24,28.9,0.15,693.6,7.28
10583,87,69,2,2,2014-06-30,2014-07-28,2014-07-04,10,30.6,0.15,306,7.28
10584,7,31,4,1,2014-06-30,2014-07-28,2014-07-04,50,11.875,0.05,593.75,59.14
10585,88,47,7,1,2014-07-01,2014-07-29,2014-07-10,15,9.5,0,142.5,13.41
10586,66,52,9,1,2014-07-02,2014-07-30,2014-07-09,4,5.95,0.15,23.8,0.48
10587,61,26,1,1,2014-07-02,2014-07-30,2014-07-09,6,31.23,0,187.38,62.52
10587,61,35,1,1,2014-07-02,2014-07-30,2014-07-09,20,18,0,360,62.52
10587,61,77,1,1,2014-07-02,2014-07-30,2014-07-09,20,13,0,260,62.52
10588,63,18,2,3,2014-07-03,2014-07-31,2014-07-10,40,50,0.2,2000,194.67
10588,63,42,2,3,2014-07-03,2014-07-31,2014-07-10,100,11.2,0.2,1120,194.67
10589,32,35,8,2,2014-07-04,2014-08-01,2014-07-14,4,18,0,72,4.42
10590,51,1,4,3,2014-07-07,2014-08-04,2014-07-14,20,18,0,360,44.77
10590,51,77,4,3,2014-07-07,2014-08-04,2014-07-14,60,12.35,0.05,741,44.77
10591,83,3,1,1,2014-07-07,2014-07-21,2014-07-16,14,10,0,140,55.92
10591,83,7,1,1,2014-07-07,2014-07-21,2014-07-16,10,30,0,300,55.92
10591,83,54,1,1,2014-07-07,2014-07-21,2014-07-16,50,7.45,0,372.5,55.92
10592,44,15,3,1,2014-07-08,2014-08-05,2014-07-16,25,14.725,0.05,368.125,32.1
10592,44,26,3,1,2014-07-08,2014-08-05,2014-07-16,5,29.6685,0.05,148.3425,32.1
10593,44,20,7,2,2014-07-09,2014-08-06,2014-08-13,21,64.8,0.2,1360.8,174.2
10593,44,69,7,2,2014-07-09,2014-08-06,2014-08-13,20,28.8,0.2,576,174.2
10593,44,76,7,2,2014-07-09,2014-08-06,2014-08-13,4,14.4,0.2,57.6,174.2
10594,55,52,3,2,2014-07-09,2014-08-06,2014-07-16,24,7,0,168,5.24
10594,55,58,3,2,2014-07-09,2014-08-06,2014-07-16,30,13.25,0,397.5,5.24
10595,20,35,2,1,2014-07-10,2014-08-07,2014-07-14,30,13.5,0.25,405,96.78
10595,20,61,2,1,2014-07-10,2014-08-07,2014-07-14,120,21.375,0.25,2565,96.78
10595,20,69,2,1,2014-07-10,2014-08-07,2014-07-14,65,27,0.25,1755,96.78
10596,89,56,8,1,2014-07-11,2014-08-08,2014-08-12,5,30.4,0.2,152,16.34
10596,89,63,8,1,2014-07-11,2014-08-08,2014-08-12,24,35.12,0.2,842.88,16.34
10596,89,75,8,1,2014-07-11,2014-08-08,2014-08-12,30,6.2,0.2,186,16.34
10597,59,24,7,3,2014-07-11,2014-08-08,2014-07-18,35,3.6,0.2,126,35.12
10597,59,57,7,3,2014-07-11,2014-08-08,2014-07-18,20,19.5,0,390,35.12
10597,59,65,7,3,2014-07-11,2014-08-08,2014-07-18,12,16.84,0.2,202.08,35.12
10598,65,27,1,3,2014-07-14,2014-08-11,2014-07-18,50,43.9,0,2195,44.42
10598,65,71,1,3,2014-07-14,2014-08-11,2014-07-18,9,21.5,0,193.5,44.42
10599,11,62,6,3,2014-07-15,2014-08-26,2014-07-21,10,49.3,0,493,29.98
10600,36,54,4,1,2014-07-16,2014-08-13,2014-07-21,4,7.45,0,29.8,45.13
10600,36,73,4,1,2014-07-16,2014-08-13,2014-07-21,30,15,0,450,45.13
10601,35,13,7,1,2014-07-16,2014-08-27,2014-07-22,60,6,0,360,58.3
10601,35,59,7,1,2014-07-16,2014-08-27,2014-07-22,35,55,0,1925,58.3
10602,83,77,8,2,2014-07-17,2014-08-14,2014-07-22,5,9.75,0.25,48.75,2.92
10603,71,22,8,2,2014-07-18,2014-08-15,2014-08-08,48,21,0,1008,48.77
10603,71,49,8,2,2014-07-18,2014-08-15,2014-08-08,25,19,0.05,475,48.77
10604,28,48,1,1,2014-07-18,2014-08-15,2014-07-29,6,11.475,0.1,68.85,7.46
10604,28,76,1,1,2014-07-18,2014-08-15,2014-07-29,10,16.2,0.1,162,7.46
10605,51,16,1,2,2014-07-21,2014-08-18,2014-07-29,30,16.5775,0.05,497.325,379.13
10605,51,59,1,2,2014-07-21,2014-08-18,2014-07-29,20,52.25,0.05,1045,379.13
10605,51,60,1,2,2014-07-21,2014-08-18,2014-07-29,70,32.3,0.05,2261,379.13
10605,51,71,1,2,2014-07-21,2014-08-18,2014-07-29,15,20.425,0.05,306.375,379.13
10606,81,4,4,3,2014-07-22,2014-08-19,2014-07-31,20,17.6,0.2,352,79.4
10606,81,55,4,3,2014-07-22,2014-08-19,2014-07-31,20,19.2,0.2,384,79.4
10606,81,62,4,3,2014-07-22,2014-08-19,2014-07-31,10,39.44,0.2,394.4,79.4
10607,71,7,5,1,2014-07-22,2014-08-19,2014-07-25,45,30,0,1350,200.24
10607,71,17,5,1,2014-07-22,2014-08-19,2014-07-25,100,39,0,3900,200.24
10607,71,33,5,1,2014-07-22,2014-08-19,2014-07-25,14,2.5,0,35,200.24
10607,71,40,5,1,2014-07-22,2014-08-19,2014-07-25,42,18.4,0,772.8,200.24
10607,71,72,5,1,2014-07-22,2014-08-19,2014-07-25,12,34.8,0,417.6,200.24
10608,79,56,4,2,2014-07-23,2014-08-20,2014-08-01,28,38,0,1064,27.79
10609,18,1,7,2,2014-07-24,2014-08-21,2014-07-30,3,18,0,54,1.85
10609,18,10,7,2,2014-07-24,2014-08-21,2014-07-30,10,31,0,310,1.85
10609,18,21,7,2,2014-07-24,2014-08-21,2014-07-30,6,10,0,60,1.85
10610,41,36,8,1,2014-07-25,2014-08-22,2014-08-06,21,14.25,0.25,299.25,26.78
10611,91,1,6,2,2014-07-25,2014-08-22,2014-08-01,6,18,0,108,80.65
10611,91,2,6,2,2014-07-25,2014-08-22,2014-08-01,10,19,0,190,80.65
10611,91,60,6,2,2014-07-25,2014-08-22,2014-08-01,15,34,0,510,80.65
10612,71,10,1,2,2014-07-28,2014-08-25,2014-08-01,70,31,0,2170,544.08
10612,71,36,1,2,2014-07-28,2014-08-25,2014-08-01,55,19,0,1045,544.08
10612,71,49,1,2,2014-07-28,2014-08-25,2014-08-01,18,20,0,360,544.08
10612,71,60,1,2,2014-07-28,2014-08-25,2014-08-01,40,34,0,1360,544.08
10612,71,76,1,2,2014-07-28,2014-08-25,2014-08-01,80,18,0,1440,544.08
10613,35,13,4,2,2014-07-29,2014-08-26,2014-08-01,8,5.4,0.1,43.2,8.11
10613,35,75,4,2,2014-07-29,2014-08-26,2014-08-01,40,7.75,0,310,8.11
10614,6,11,8,3,2014-07-29,2014-08-26,2014-08-01,14,21,0,294,1.93
10614,6,21,8,3,2014-07-29,2014-08-26,2014-08-01,8,10,0,80,1.93
10614,6,39,8,3,2014-07-29,2014-08-26,2014-08-01,5,18,0,90,1.93
10615,90,55,2,3,2014-07-30,2014-08-27,2014-08-06,5,24,0,120,0.75
10616,32,38,1,2,2014-07-31,2014-08-28,2014-08-05,15,250.325,0.05,3754.875,116.53
10616,32,56,1,2,2014-07-31,2014-08-28,2014-08-05,14,38,0,532,116.53
10616,32,70,1,2,2014-07-31,2014-08-28,2014-08-05,15,14.25,0.05,213.75,116.53
10616,32,71,1,2,2014-07-31,2014-08-28,2014-08-05,15,20.425,0.05,306.375,116.53
10617,32,59,4,2,2014-07-31,2014-08-28,2014-08-04,30,46.75,0.15,1402.5,18.53
10618,51,6,1,1,2014-08-01,2014-09-12,2014-08-08,70,25,0,1750,154.68
10618,51,56,1,1,2014-08-01,2014-09-12,2014-08-08,20,38,0,760,154.68
10618,51,68,1,1,2014-08-01,2014-09-12,2014-08-08,15,12.5,0,187.5,154.68
10619,51,21,3,3,2014-08-04,2014-09-01,2014-08-07,42,10,0,420,91.05
10619,51,22,3,3,2014-08-04,2014-09-01,2014-08-07,40,21,0,840,91.05
10620,42,24,2,3,2014-08-05,2014-09-02,2014-08-14,5,4.5,0,22.5,0.94
10620,42,52,2,3,2014-08-05,2014-09-02,2014-08-14,5,7,0,35,0.94
10621,38,19,4,2,2014-08-05,2014-09-02,2014-08-11,5,9.2,0,46,23.73
10621,38,23,4,2,2014-08-05,2014-09-02,2014-08-11,10,9,0,90,23.73
10621,38,70,4,2,2014-08-05,2014-09-02,2014-08-11,20,15,0,300,23.73
10621,38,71,4,2,2014-08-05,2014-09-02,2014-08-11,15,21.5,0,322.5,23.73
10622,67,2,4,3,2014-08-06,2014-09-03,2014-08-11,20,19,0,380,50.97
10622,67,68,4,3,2014-08-06,2014-09-03,2014-08-11,18,10,0.2,180,50.97
10623,25,14,8,2,2014-08-07,2014-09-04,2014-08-12,21,23.25,0,488.25,97.18
10623,25,19,8,2,2014-08-07,2014-09-04,2014-08-12,15,8.28,0.1,124.2,97.18
10623,25,21,8,2,2014-08-07,2014-09-04,2014-08-12,25,9,0.1,225,97.18
10623,25,24,8,2,2014-08-07,2014-09-04,2014-08-12,3,4.5,0,13.5,97.18
10623,25,35,8,2,2014-08-07,2014-09-04,2014-08-12,30,16.2,0.1,486,97.18
10624,78,28,4,2,2014-08-07,2014-09-04,2014-08-19,10,45.6,0,456,94.8
10624,78,29,4,2,2014-08-07,2014-09-04,2014-08-19,6,123.79,0,742.74,94.8
10624,78,44,4,2,2014-08-07,2014-09-04,2014-08-19,10,19.45,0,194.5,94.8
10625,2,14,3,1,2014-08-08,2014-09-05,2014-08-14,3,23.25,0,69.75,43.9
10625,2,42,3,1,2014-08-08,2014-09-05,2014-08-14,5,14,0,70,43.9
10625,2,60,3,1,2014-08-08,2014-09-05,2014-08-14,10,34,0,340,43.9
10626,5,53,1,2,2014-08-11,2014-09-08,2014-08-20,12,32.8,0,393.6,138.69
10626,5,60,1,2,2014-08-11,2014-09-08,2014-08-20,20,34,0,680,138.69
10626,5,71,1,2,2014-08-11,2014-09-08,2014-08-20,20,21.5,0,430,138.69
10627,71,62,8,3,2014-08-11,2014-09-22,2014-08-21,15,49.3,0,739.5,107.46
10627,71,73,8,3,2014-08-11,2014-09-22,2014-08-21,35,12.75,0.15,446.25,107.46
10628,7,1,4,3,2014-08-12,2014-09-09,2014-08-20,25,18,0,450,30.36
10629,30,29,4,3,2014-08-12,2014-09-09,2014-08-20,20,123.79,0,2475.8,85.46
10629,30,64,4,3,2014-08-12,2014-09-09,2014-08-20,9,33.25,0,299.25,85.46
10630,39,55,1,2,2014-08-13,2014-09-10,2014-08-19,12,22.8,0.05,273.6,32.35
10630,39,76,1,2,2014-08-13,2014-09-10,2014-08-19,35,18,0,630,32.35
10631,41,75,8,1,2014-08-14,2014-09-11,2014-08-15,8,6.975,0.1,55.8,0.87
10632,86,2,8,1,2014-08-14,2014-09-11,2014-08-19,30,18.05,0.05,541.5,41.38
10632,86,33,8,1,2014-08-14,2014-09-11,2014-08-19,20,2.375,0.05,47.5,41.38
10633,20,12,7,3,2014-08-15,2014-09-12,2014-08-18,36,32.3,0.15,1162.8,477.9
10633,20,13,7,3,2014-08-15,2014-09-12,2014-08-18,13,5.1,0.15,66.3,477.9
10633,20,26,7,3,2014-08-15,2014-09-12,2014-08-18,35,26.5455,0.15,929.0925,477.9
10633,20,62,7,3,2014-08-15,2014-09-12,2014-08-18,80,41.905,0.15,3352.4,477.9
10634,23,7,4,3,2014-08-15,2014-09-12,2014-08-21,35,30,0,1050,487.38
10634,23,18,4,3,2014-08-15,2014-09-12,2014-08-21,50,62.5,0,3125,487.38
10634,23,51,4,3,2014-08-15,2014-09-12,2014-08-21,15,53,0,795,487.38
10634,23,75,4,3,2014-08-15,2014-09-12,2014-08-21,2,7.75,0,15.5,487.38
10635,49,4,8,3,2014-08-18,2014-09-15,2014-08-21,10,19.8,0.1,198,47.46
10635,49,5,8,3,2014-08-18,2014-09-15,2014-08-21,15,19.215,0.1,288.225,47.46
10635,49,22,8,3,2014-08-18,2014-09-15,2014-08-21,40,21,0,840,47.46
10636,87,4,4,1,2014-08-19,2014-09-16,2014-08-26,25,22,0,550,1.15
10636,87,58,4,1,2014-08-19,2014-09-16,2014-08-26,6,13.25,0,79.5,1.15
10637,62,11,6,1,2014-08-19,2014-09-16,2014-08-26,10,21,0,210,201.29
10637,62,50,6,1,2014-08-19,2014-09-16,2014-08-26,25,15.4375,0.05,385.9375,201.29
10637,62,56,6,1,2014-08-19,2014-09-16,2014-08-26,60,36.1,0.05,2166,201.29
10638,47,45,3,1,2014-08-20,2014-09-17,2014-09-01,20,9.5,0,190,158.44
10638,47,65,3,1,2014-08-20,2014-09-17,2014-09-01,21,21.05,0,442.05,158.44
10638,47,72,3,1,2014-08-20,2014-09-17,2014-09-01,60,34.8,0,2088,158.44
10639,70,18,7,3,2014-08-20,2014-09-17,2014-08-27,8,62.5,0,500,38.64
10640,86,69,4,1,2014-08-21,2014-09-18,2014-08-28,20,27,0.25,540,23.55
10640,86,70,4,1,2014-08-21,2014-09-18,2014-08-28,15,11.25,0.25,168.75,23.55
10641,35,2,4,2,2014-08-22,2014-09-19,2014-08-26,50,19,0,950,179.61
10641,35,40,4,2,2014-08-22,2014-09-19,2014-08-26,60,18.4,0,1104,179.61
10642,73,21,7,3,2014-08-22,2014-09-19,2014-09-05,30,8,0.2,240,41.89
10642,73,61,7,3,2014-08-22,2014-09-19,2014-09-05,20,22.8,0.2,456,41.89
10643,1,28,6,1,2014-08-25,2014-09-22,2014-09-02,15,34.2,0.25,513,29.46
10643,1,39,6,1,2014-08-25,2014-09-22,2014-09-02,21,13.5,0.25,283.5,29.46
10643,1,46,6,1,2014-08-25,2014-09-22,2014-09-02,2,9,0.25,18,29.46
10644,88,18,3,2,2014-08-25,2014-09-22,2014-09-01,4,56.25,0.1,225,0.14
10644,88,43,3,2,2014-08-25,2014-09-22,2014-09-01,20,46,0,920,0.14
10644,88,46,3,2,2014-08-25,2014-09-22,2014-09-01,21,10.8,0.1,226.8,0.14
10645,34,18,4,1,2014-08-26,2014-09-23,2014-09-02,20,62.5,0,1250,12.41
10645,34,36,4,1,2014-08-26,2014-09-23,2014-09-02,15,19,0,285,12.41
10646,37,1,9,3,2014-08-27,2014-10-08,2014-09-03,15,13.5,0.25,202.5,142.33
10646,37,10,9,3,2014-08-27,2014-10-08,2014-09-03,18,23.25,0.25,418.5,142.33
10646,37,71,9,3,2014-08-27,2014-10-08,2014-09-03,30,16.125,0.25,483.75,142.33
10646,37,77,9,3,2014-08-27,2014-10-08,2014-09-03,35,9.75,0.25,341.25,142.33
10647,61,19,4,2,2014-08-27,2014-09-10,2014-09-03,30,9.2,0,276,45.54
10647,61,39,4,2,2014-08-27,2014-09-10,2014-09-03,20,18,0,360,45.54
10648,67,22,5,2,2014-08-28,2014-10-09,2014-09-09,15,21,0,315,14.25
10648,67,24,5,2,2014-08-28,2014-10-09,2014-09-09,15,3.825,0.15,57.375,14.25
10649,50,28,5,3,2014-08-28,2014-09-25,2014-08-29,20,45.6,0,912,6.2
10649,50,72,5,3,2014-08-28,2014-09-25,2014-08-29,15,34.8,0,522,6.2
10650,21,30,5,3,2014-08-29,2014-09-26,2014-09-03,30,25.89,0,776.7,176.81
10650,21,53,5,3,2014-08-29,2014-09-26,2014-09-03,25,31.16,0.05,779,176.81
10650,21,54,5,3,2014-08-29,2014-09-26,2014-09-03,30,7.45,0,223.5,176.81
10651,86,19,8,2,2014-09-01,2014-09-29,2014-09-11,12,6.9,0.25,82.8,20.6
10651,86,22,8,2,2014-09-01,2014-09-29,2014-09-11,20,15.75,0.25,315,20.6
10652,31,30,4,2,2014-09-01,2014-09-29,2014-09-08,2,19.4175,0.25,38.835,7.14
10652,31,42,4,2,2014-09-01,2014-09-29,2014-09-08,20,14,0,280,7.14
10653,25,16,1,1,2014-09-02,2014-09-30,2014-09-19,30,15.705,0.1,471.15,93.25
10653,25,60,1,1,2014-09-02,2014-09-30,2014-09-19,20,30.6,0.1,612,93.25
10654,5,4,5,1,2014-09-02,2014-09-30,2014-09-11,12,19.8,0.1,237.6,55.26
10654,5,39,5,1,2014-09-02,2014-09-30,2014-09-11,20,16.2,0.1,324,55.26
10654,5,54,5,1,2014-09-02,2014-09-30,2014-09-11,6,6.705,0.1,40.23,55.26
10655,66,41,1,2,2014-09-03,2014-10-01,2014-09-11,20,7.72,0.2,154.4,4.41
10656,32,14,6,1,2014-09-04,2014-10-02,2014-09-10,3,20.925,0.1,62.775,57.15
10656,32,44,6,1,2014-09-04,2014-10-02,2014-09-10,28,17.505,0.1,490.14,57.15
10656,32,47,6,1,2014-09-04,2014-10-02,2014-09-10,6,8.55,0.1,51.3,57.15
10657,71,15,2,2,2014-09-04,2014-10-02,2014-09-15,50,15.5,0,775,352.69
10657,71,41,2,2,2014-09-04,2014-10-02,2014-09-15,24,9.65,0,231.6,352.69
10657,71,46,2,2,2014-09-04,2014-10-02,2014-09-15,45,12,0,540,352.69
10657,71,47,2,2,2014-09-04,2014-10-02,2014-09-15,10,9.5,0,95,352.69
10657,71,56,2,2,2014-09-04,2014-10-02,2014-09-15,45,38,0,1710,352.69
10657,71,60,2,2,2014-09-04,2014-10-02,2014-09-15,30,34,0,1020,352.69
10658,63,21,4,1,2014-09-05,2014-10-03,2014-09-08,60,10,0,600,364.15
10658,63,40,4,1,2014-09-05,2014-10-03,2014-09-08,70,17.48,0.05,1223.6,364.15
10658,63,60,4,1,2014-09-05,2014-10-03,2014-09-08,55,32.3,0.05,1776.5,364.15
10658,63,77,4,1,2014-09-05,2014-10-03,2014-09-08,70,12.35,0.05,864.5,364.15
10659,62,31,7,2,2014-09-05,2014-10-03,2014-09-10,20,11.875,0.05,237.5,105.81
10659,62,40,7,2,2014-09-05,2014-10-03,2014-09-10,24,17.48,0.05,419.52,105.81
10659,62,70,7,2,2014-09-05,2014-10-03,2014-09-10,40,14.25,0.05,570,105.81
10660,36,20,8,1,2014-09-08,2014-10-06,2014-10-15,21,81,0,1701,111.29
10661,37,39,7,3,2014-09-09,2014-10-07,2014-09-15,3,14.4,0.2,43.2,17.55
10661,37,58,7,3,2014-09-09,2014-10-07,2014-09-15,49,10.6,0.2,519.4,17.55
10662,48,68,3,2,2014-09-09,2014-10-07,2014-09-18,10,12.5,0,125,1.28
10663,9,40,2,2,2014-09-10,2014-09-24,2014-10-03,30,17.48,0.05,524.4,113.15
10663,9,42,2,2,2014-09-10,2014-09-24,2014-10-03,30,13.3,0.05,399,113.15
10663,9,51,2,2,2014-09-10,2014-09-24,2014-10-03,20,50.35,0.05,1007,113.15
10664,28,10,1,3,2014-09-10,2014-10-08,2014-09-19,24,26.35,0.15,632.4,1.27
10664,28,56,1,3,2014-09-10,2014-10-08,2014-09-19,12,32.3,0.15,387.6,1.27
10664,28,65,1,3,2014-09-10,2014-10-08,2014-09-19,15,17.8925,0.15,268.3875,1.27
10665,48,51,1,2,2014-09-11,2014-10-09,2014-09-17,20,53,0,1060,26.31
10665,48,59,1,2,2014-09-11,2014-10-09,2014-09-17,1,55,0,55,26.31
10665,48,76,1,2,2014-09-11,2014-10-09,2014-09-17,10,18,0,180,26.31
10666,68,29,7,2,2014-09-12,2014-10-10,2014-09-22,36,123.79,0,4456.44,232.42
10666,68,65,7,2,2014-09-12,2014-10-10,2014-09-22,10,21.05,0,210.5,232.42
10667,20,69,7,1,2014-09-12,2014-10-10,2014-09-19,45,28.8,0.2,1296,78.09
10667,20,71,7,1,2014-09-12,2014-10-10,2014-09-19,14,17.2,0.2,240.8,78.09
10668,86,31,1,2,2014-09-15,2014-10-13,2014-09-23,8,11.25,0.1,90,47.22
10668,86,55,1,2,2014-09-15,2014-10-13,2014-09-23,4,21.6,0.1,86.4,47.22
10668,86,64,1,2,2014-09-15,2014-10-13,2014-09-23,15,29.925,0.1,448.875,47.22
10669,73,36,2,1,2014-09-15,2014-10-13,2014-09-22,30,19,0,570,24.39
10670,25,23,4,1,2014-09-16,2014-10-14,2014-09-18,32,9,0,288,203.48
10670,25,46,4,1,2014-09-16,2014-10-14,2014-09-18,60,12,0,720,203.48
10670,25,67,4,1,2014-09-16,2014-10-14,2014-09-18,25,14,0,350,203.48
10670,25,73,4,1,2014-09-16,2014-10-14,2014-09-18,50,15,0,750,203.48
10670,25,75,4,1,2014-09-16,2014-10-14,2014-09-18,25,7.75,0,193.75,203.48
10671,26,16,1,1,2014-09-17,2014-10-15,2014-09-24,10,17.45,0,174.5,30.34
10671,26,62,1,1,2014-09-17,2014-10-15,2014-09-24,10,49.3,0,493,30.34
10671,26,65,1,1,2014-09-17,2014-10-15,2014-09-24,12,21.05,0,252.6,30.34
10672,5,38,9,2,2014-09-17,2014-10-01,2014-09-26,15,237.15,0.1,3557.25,95.75
10672,5,71,9,2,2014-09-17,2014-10-01,2014-09-26,12,21.5,0,258,95.75
10673,90,16,2,1,2014-09-18,2014-10-16,2014-09-19,3,17.45,0,52.35,22.76
10673,90,42,2,1,2014-09-18,2014-10-16,2014-09-19,6,14,0,84,22.76
10673,90,43,2,1,2014-09-18,2014-10-16,2014-09-19,6,46,0,276,22.76
10674,38,23,4,2,2014-09-18,2014-10-16,2014-09-30,5,9,0,45,0.9
10675,25,14,5,2,2014-09-19,2014-10-17,2014-09-23,30,23.25,0,697.5,31.85
10675,25,53,5,2,2014-09-19,2014-10-17,2014-09-23,10,32.8,0,328,31.85
10675,25,58,5,2,2014-09-19,2014-10-17,2014-09-23,30,13.25,0,397.5,31.85
10676,80,10,2,2,2014-09-22,2014-10-20,2014-09-29,2,31,0,62,2.01
10676,80,19,2,2,2014-09-22,2014-10-20,2014-09-29,7,9.2,0,64.4,2.01
10676,80,44,2,2,2014-09-22,2014-10-20,2014-09-29,21,19.45,0,408.45,2.01
10677,3,26,1,3,2014-09-22,2014-10-20,2014-09-26,30,26.5455,0.15,796.365,4.03
10677,3,33,1,3,2014-09-22,2014-10-20,2014-09-26,8,2.125,0.15,17,4.03
10678,71,12,7,3,2014-09-23,2014-10-21,2014-10-16,100,38,0,3800,388.98
10678,71,33,7,3,2014-09-23,2014-10-21,2014-10-16,30,2.5,0,75,388.98
10678,71,41,7,3,2014-09-23,2014-10-21,2014-10-16,120,9.65,0,1158,388.98
10678,71,54,7,3,2014-09-23,2014-10-21,2014-10-16,30,7.45,0,223.5,388.98
10679,7,59,8,3,2014-09-23,2014-10-21,2014-09-30,12,55,0,660,27.94
10680,55,16,1,1,2014-09-24,2014-10-22,2014-09-26,50,13.0875,0.25,654.375,26.61
10680,55,31,1,1,2014-09-24,2014-10-22,2014-09-26,20,9.375,0.25,187.5,26.61
10680,55,42,1,1,2014-09-24,2014-10-22,2014-09-26,40,10.5,0.25,420,26.61
10681,32,19,3,3,2014-09-25,2014-10-23,2014-09-30,30,8.28,0.1,248.4,76.13
10681,32,21,3,3,2014-09-25,2014-10-23,2014-09-30,12,9,0.1,108,76.13
10681,32,64,3,3,2014-09-25,2014-10-23,2014-09-30,28,33.25,0,931,76.13
10682,3,33,3,2,2014-09-25,2014-10-23,2014-10-01,30,2.5,0,75,36.13
10682,3,66,3,2,2014-09-25,2014-10-23,2014-10-01,4,17,0,68,36.13
10682,3,75,3,2,2014-09-25,2014-10-23,2014-10-01,30,7.75,0,232.5,36.13
10683,18,52,2,1,2014-09-26,2014-10-24,2014-10-01,9,7,0,63,4.4
10684,56,40,3,1,2014-09-26,2014-10-24,2014-09-30,20,18.4,0,368,145.63
10684,56,47,3,1,2014-09-26,2014-10-24,2014-09-30,40,9.5,0,380,145.63
10684,56,60,3,1,2014-09-26,2014-10-24,2014-09-30,30,34,0,1020,145.63
10685,31,10,4,2,2014-09-29,2014-10-13,2014-10-03,20,31,0,620,33.75
10685,31,41,4,2,2014-09-29,2014-10-13,2014-10-03,4,9.65,0,38.6,33.75
10685,31,47,4,2,2014-09-29,2014-10-13,2014-10-03,15,9.5,0,142.5,33.75
10686,59,17,2,1,2014-09-30,2014-10-28,2014-10-08,30,31.2,0.2,936,96.5
10686,59,26,2,1,2014-09-30,2014-10-28,2014-10-08,15,31.23,0,468.45,96.5
10687,37,9,9,2,2014-09-30,2014-10-28,2014-10-30,50,72.75,0.25,3637.5,296.43
10687,37,29,9,2,2014-09-30,2014-10-28,2014-10-30,10,123.79,0,1237.9,296.43
10687,37,36,9,2,2014-09-30,2014-10-28,2014-10-30,6,14.25,0.25,85.5,296.43
10688,83,10,4,2,2014-10-01,2014-10-15,2014-10-07,18,27.9,0.1,502.2,299.09
10688,83,28,4,2,2014-10-01,2014-10-15,2014-10-07,60,41.04,0.1,2462.4,299.09
10688,83,34,4,2,2014-10-01,2014-10-15,2014-10-07,14,14,0,196,299.09
10689,5,1,1,2,2014-10-01,2014-10-29,2014-10-07,35,13.5,0.25,472.5,13.42
10690,34,56,1,1,2014-10-02,2014-10-30,2014-10-03,20,28.5,0.25,570,15.8
10690,34,77,1,1,2014-10-02,2014-10-30,2014-10-03,30,9.75,0.25,292.5,15.8
10691,63,1,2,2,2014-10-03,2014-11-14,2014-10-22,30,18,0,540,810.05
10691,63,29,2,2,2014-10-03,2014-11-14,2014-10-22,40,123.79,0,4951.6,810.05
10691,63,43,2,2,2014-10-03,2014-11-14,2014-10-22,40,46,0,1840,810.05
10691,63,44,2,2,2014-10-03,2014-11-14,2014-10-22,24,19.45,0,466.8,810.05
10691,63,62,2,2,2014-10-03,2014-11-14,2014-10-22,48,49.3,0,2366.4,810.05
10692,1,63,4,2,2014-10-03,2014-10-31,2014-10-13,20,43.9,0,878,61.02
10693,89,9,3,3,2014-10-06,2014-10-20,2014-10-10,6,97,0,582,139.34
10693,89,54,3,3,2014-10-06,2014-10-20,2014-10-10,60,6.3325,0.15,379.95,139.34
10693,89,69,3,3,2014-10-06,2014-10-20,2014-10-10,30,30.6,0.15,918,139.34
10693,89,73,3,3,2014-10-06,2014-10-20,2014-10-10,15,12.75,0.15,191.25,139.34
10694,63,7,8,3,2014-10-06,2014-11-03,2014-10-09,90,30,0,2700,398.36
10694,63,59,8,3,2014-10-06,2014-11-03,2014-10-09,25,55,0,1375,398.36
10694,63,70,8,3,2014-10-06,2014-11-03,2014-10-09,50,15,0,750,398.36
10695,90,8,7,1,2014-10-07,2014-11-18,2014-10-14,10,40,0,400,16.72
10695,90,12,7,1,2014-10-07,2014-11-18,2014-10-14,4,38,0,152,16.72
10695,90,24,7,1,2014-10-07,2014-11-18,2014-10-14,20,4.5,0,90,16.72
10696,89,17,8,3,2014-10-08,2014-11-19,2014-10-14,20,39,0,780,102.55
10696,89,46,8,3,2014-10-08,2014-11-19,2014-10-14,18,12,0,216,102.55
10697,47,19,3,1,2014-10-08,2014-11-05,2014-10-14,7,6.9,0.25,48.3,45.52
10697,47,35,3,1,2014-10-08,2014-11-05,2014-10-14,9,13.5,0.25,121.5,45.52
10697,47,58,3,1,2014-10-08,2014-11-05,2014-10-14,30,9.9375,0.25,298.125,45.52
10697,47,70,3,1,2014-10-08,2014-11-05,2014-10-14,30,11.25,0.25,337.5,45.52
10698,20,11,4,1,2014-10-09,2014-11-06,2014-10-17,15,21,0,315,272.47
10698,20,17,4,1,2014-10-09,2014-11-06,2014-10-17,8,37.05,0.05,296.4,272.47
10698,20,29,4,1,2014-10-09,2014-11-06,2014-10-17,12,117.6005,0.05,1411.206,272.47
10698,20,65,4,1,2014-10-09,2014-11-06,2014-10-17,65,19.9975,0.05,1299.8375,272.47
10698,20,70,4,1,2014-10-09,2014-11-06,2014-10-17,8,14.25,0.05,114,272.47
10699,52,47,3,3,2014-10-09,2014-11-06,2014-10-13,12,9.5,0,114,0.58
10700,71,1,3,1,2014-10-10,2014-11-07,2014-10-16,5,14.4,0.2,72,65.1
10700,71,34,3,1,2014-10-10,2014-11-07,2014-10-16,12,11.2,0.2,134.4,65.1
10700,71,68,3,1,2014-10-10,2014-11-07,2014-10-16,40,10,0.2,400,65.1
10700,71,71,3,1,2014-10-10,2014-11-07,2014-10-16,60,17.2,0.2,1032,65.1
10701,37,59,6,3,2014-10-13,2014-10-27,2014-10-15,42,46.75,0.15,1963.5,220.31
10701,37,71,6,3,2014-10-13,2014-10-27,2014-10-15,20,18.275,0.15,365.5,220.31
10701,37,76,6,3,2014-10-13,2014-10-27,2014-10-15,35,15.3,0.15,535.5,220.31
10702,1,3,4,1,2014-10-13,2014-11-24,2014-10-21,6,10,0,60,23.94
10702,1,76,4,1,2014-10-13,2014-11-24,2014-10-21,15,18,0,270,23.94
10703,24,2,6,2,2014-10-14,2014-11-11,2014-10-20,5,19,0,95,152.3
10703,24,59,6,2,2014-10-14,2014-11-11,2014-10-20,35,55,0,1925,152.3
10703,24,73,6,2,2014-10-14,2014-11-11,2014-10-20,35,15,0,525,152.3
10704,62,4,6,1,2014-10-14,2014-11-11,2014-11-07,6,22,0,132,4.78
10704,62,24,6,1,2014-10-14,2014-11-11,2014-11-07,35,4.5,0,157.5,4.78
10704,62,48,6,1,2014-10-14,2014-11-11,2014-11-07,24,12.75,0,306,4.78
10705,35,31,9,2,2014-10-15,2014-11-12,2014-11-18,20,12.5,0,250,3.52
10705,35,32,9,2,2014-10-15,2014-11-12,2014-11-18,4,32,0,128,3.52
10706,55,16,8,3,2014-10-16,2014-11-13,2014-10-21,20,17.45,0,349,135.63
10706,55,43,8,3,2014-10-16,2014-11-13,2014-10-21,24,46,0,1104,135.63
10706,55,59,8,3,2014-10-16,2014-11-13,2014-10-21,8,55,0,440,135.63
10707,4,55,4,3,2014-10-16,2014-10-30,2014-10-23,21,24,0,504,21.74
10707,4,57,4,3,2014-10-16,2014-10-30,2014-10-23,40,19.5,0,780,21.74
10707,4,70,4,3,2014-10-16,2014-10-30,2014-10-23,28,12.75,0.15,357,21.74
10708,77,5,6,2,2014-10-17,2014-11-28,2014-11-05,4,21.35,0,85.4,2.96
10708,77,36,6,2,2014-10-17,2014-11-28,2014-11-05,5,19,0,95,2.96
10709,31,8,1,3,2014-10-17,2014-11-14,2014-11-20,40,40,0,1600,210.8
10709,31,51,1,3,2014-10-17,2014-11-14,2014-11-20,28,53,0,1484,210.8
10709,31,60,1,3,2014-10-17,2014-11-14,2014-11-20,10,34,0,340,210.8
10710,27,19,1,1,2014-10-20,2014-11-17,2014-10-23,5,9.2,0,46,4.98
10710,27,47,1,1,2014-10-20,2014-11-17,2014-10-23,5,9.5,0,47.5,4.98
10711,71,19,5,2,2014-10-21,2014-12-02,2014-10-29,12,9.2,0,110.4,52.41
10711,71,41,5,2,2014-10-21,2014-12-02,2014-10-29,42,9.65,0,405.3,52.41
10711,71,53,5,2,2014-10-21,2014-12-02,2014-10-29,120,32.8,0,3936,52.41
10712,37,53,3,1,2014-10-21,2014-11-18,2014-10-31,3,31.16,0.05,93.48,89.93
10712,37,56,3,1,2014-10-21,2014-11-18,2014-10-31,30,38,0,1140,89.93
10713,71,10,1,1,2014-10-22,2014-11-19,2014-10-24,18,31,0,558,167.05
10713,71,26,1,1,2014-10-22,2014-11-19,2014-10-24,30,31.23,0,936.9,167.05
10713,71,45,1,1,2014-10-22,2014-11-19,2014-10-24,110,9.5,0,1045,167.05
10713,71,46,1,1,2014-10-22,2014-11-19,2014-10-24,24,12,0,288,167.05
10714,71,2,5,3,2014-10-22,2014-11-19,2014-10-27,30,14.25,0.25,427.5,24.49
10714,71,17,5,3,2014-10-22,2014-11-19,2014-10-27,27,29.25,0.25,789.75,24.49
10714,71,47,5,3,2014-10-22,2014-11-19,2014-10-27,50,7.125,0.25,356.25,24.49
10714,71,56,5,3,2014-10-22,2014-11-19,2014-10-27,18,28.5,0.25,513,24.49
10714,71,58,5,3,2014-10-22,2014-11-19,2014-10-27,12,9.9375,0.25,119.25,24.49
10715,9,10,3,1,2014-10-23,2014-11-06,2014-10-29,21,31,0,651,63.2
10715,9,71,3,1,2014-10-23,2014-11-06,2014-10-29,30,21.5,0,645,63.2
10716,64,21,4,2,2014-10-24,2014-11-21,2014-10-27,5,10,0,50,22.57
10716,64,51,4,2,2014-10-24,2014-11-21,2014-10-27,7,53,0,371,22.57
10716,64,61,4,2,2014-10-24,2014-11-21,2014-10-27,10,28.5,0,285,22.57
10717,25,21,1,2,2014-10-24,2014-11-21,2014-10-29,32,9.5,0.05,304,59.25
10717,25,54,1,2,2014-10-24,2014-11-21,2014-10-29,15,7.45,0,111.75,59.25
10717,25,69,1,2,2014-10-24,2014-11-21,2014-10-29,25,34.2,0.05,855,59.25
10718,39,12,1,3,2014-10-27,2014-11-24,2014-10-29,36,38,0,1368,170.88
10718,39,16,1,3,2014-10-27,2014-11-24,2014-10-29,20,17.45,0,349,170.88
10718,39,36,1,3,2014-10-27,2014-11-24,2014-10-29,40,19,0,760,170.88
10718,39,62,1,3,2014-10-27,2014-11-24,2014-10-29,20,49.3,0,986,170.88
10719,45,18,8,2,2014-10-27,2014-11-24,2014-11-05,12,46.875,0.25,562.5,51.44
10719,45,30,8,2,2014-10-27,2014-11-24,2014-11-05,3,19.4175,0.25,58.2525,51.44
10719,45,54,8,2,2014-10-27,2014-11-24,2014-11-05,40,5.5875,0.25,223.5,51.44
10720,61,35,8,2,2014-10-28,2014-11-11,2014-11-05,21,18,0,378,9.53
10720,61,71,8,2,2014-10-28,2014-11-11,2014-11-05,8,21.5,0,172,9.53
10721,63,44,5,3,2014-10-29,2014-11-26,2014-10-31,50,18.4775,0.05,923.875,48.92
10722,71,2,8,1,2014-10-29,2014-12-10,2014-11-04,3,19,0,57,74.58
10722,71,31,8,1,2014-10-29,2014-12-10,2014-11-04,50,12.5,0,625,74.58
10722,71,68,8,1,2014-10-29,2014-12-10,2014-11-04,45,12.5,0,562.5,74.58
10722,71,75,8,1,2014-10-29,2014-12-10,2014-11-04,42,7.75,0,325.5,74.58
10723,89,26,3,1,2014-10-30,2014-11-27,2014-11-25,15,31.23,0,468.45,21.72
10724,51,10,8,2,2014-10-30,2014-12-11,2014-11-05,16,31,0,496,57.75
10724,51,61,8,2,2014-10-30,2014-12-11,2014-11-05,5,28.5,0,142.5,57.75
10725,21,41,4,3,2014-10-31,2014-11-28,2014-11-05,12,9.65,0,115.8,10.83
10725,21,52,4,3,2014-10-31,2014-11-28,2014-11-05,4,7,0,28,10.83
10725,21,55,4,3,2014-10-31,2014-11-28,2014-11-05,6,24,0,144,10.83
10726,19,4,4,1,2014-11-03,2014-11-17,2014-12-05,25,22,0,550,16.56
10726,19,11,4,1,2014-11-03,2014-11-17,2014-12-05,5,21,0,105,16.56
10727,66,17,2,1,2014-11-03,2014-12-01,2014-12-05,20,37.05,0.05,741,89.9
10727,66,56,2,1,2014-11-03,2014-12-01,2014-12-05,10,36.1,0.05,361,89.9
10727,66,59,2,1,2014-11-03,2014-12-01,2014-12-05,10,52.25,0.05,522.5,89.9
10728,62,30,4,2,2014-11-04,2014-12-02,2014-11-11,15,25.89,0,388.35,58.33
10728,62,40,4,2,2014-11-04,2014-12-02,2014-11-11,6,18.4,0,110.4,58.33
10728,62,55,4,2,2014-11-04,2014-12-02,2014-11-11,12,24,0,288,58.33
10728,62,60,4,2,2014-11-04,2014-12-02,2014-11-11,15,34,0,510,58.33
10729,47,1,8,3,2014-11-04,2014-12-16,2014-11-14,50,18,0,900,141.06
10729,47,21,8,3,2014-11-04,2014-12-16,2014-11-14,30,10,0,300,141.06
10729,47,50,8,3,2014-11-04,2014-12-16,2014-11-14,40,16.25,0,650,141.06
10730,9,16,5,1,2014-11-05,2014-12-03,2014-11-14,15,16.5775,0.05,248.6625,20.12
10730,9,31,5,1,2014-11-05,2014-12-03,2014-11-14,3,11.875,0.05,35.625,20.12
10730,9,65,5,1,2014-11-05,2014-12-03,2014-11-14,10,19.9975,0.05,199.975,20.12
10731,14,21,7,1,2014-11-06,2014-12-04,2014-11-14,40,9.5,0.05,380,96.65
10731,14,51,7,1,2014-11-06,2014-12-04,2014-11-14,30,50.35,0.05,1510.5,96.65
10732,9,76,3,1,2014-11-06,2014-12-04,2014-11-07,20,18,0,360,16.97
10733,5,14,1,3,2014-11-07,2014-12-05,2014-11-10,16,23.25,0,372,110.11
10733,5,28,1,3,2014-11-07,2014-12-05,2014-11-10,20,45.6,0,912,110.11
10733,5,52,1,3,2014-11-07,2014-12-05,2014-11-10,25,7,0,175,110.11
10734,31,6,2,3,2014-11-07,2014-12-05,2014-11-12,30,25,0,750,1.63
10734,31,30,2,3,2014-11-07,2014-12-05,2014-11-12,15,25.89,0,388.35,1.63
10734,31,76,2,3,2014-11-07,2014-12-05,2014-11-12,20,18,0,360,1.63
10735,45,61,6,2,2014-11-10,2014-12-08,2014-11-21,20,25.65,0.1,513,45.97
10735,45,77,6,2,2014-11-10,2014-12-08,2014-11-21,2,11.7,0.1,23.4,45.97
10736,37,65,9,2,2014-11-11,2014-12-09,2014-11-21,40,21.05,0,842,44.1
10736,37,75,9,2,2014-11-11,2014-12-09,2014-11-21,20,7.75,0,155,44.1
10737,85,13,2,2,2014-11-11,2014-12-09,2014-11-18,4,6,0,24,7.79
10737,85,41,2,2,2014-11-11,2014-12-09,2014-11-18,12,9.65,0,115.8,7.79
10738,74,16,2,1,2014-11-12,2014-12-10,2014-11-18,3,17.45,0,52.35,2.91
10739,85,36,3,3,2014-11-12,2014-12-10,2014-11-17,6,19,0,114,11.08
10739,85,52,3,3,2014-11-12,2014-12-10,2014-11-17,18,7,0,126,11.08
10740,89,28,4,2,2014-11-13,2014-12-11,2014-11-25,5,36.48,0.2,182.4,81.88
10740,89,35,4,2,2014-11-13,2014-12-11,2014-11-25,35,14.4,0.2,504,81.88
10740,89,45,4,2,2014-11-13,2014-12-11,2014-11-25,40,7.6,0.2,304,81.88
10740,89,56,4,2,2014-11-13,2014-12-11,2014-11-25,14,30.4,0.2,425.6,81.88
10741,4,2,4,3,2014-11-14,2014-11-28,2014-11-18,15,15.2,0.2,228,10.96
10742,10,3,3,3,2014-11-14,2014-12-12,2014-11-18,20,10,0,200,243.73
10742,10,60,3,3,2014-11-14,2014-12-12,2014-11-18,50,34,0,1700,243.73
10742,10,72,3,3,2014-11-14,2014-12-12,2014-11-18,35,34.8,0,1218,243.73
10743,4,46,1,2,2014-11-17,2014-12-15,2014-11-21,28,11.4,0.05,319.2,23.72
10744,83,40,6,1,2014-11-17,2014-12-15,2014-11-24,50,14.72,0.2,736,69.19
10745,63,18,9,1,2014-11-18,2014-12-16,2014-11-27,24,62.5,0,1500,3.52
10745,63,44,9,1,2014-11-18,2014-12-16,2014-11-27,16,19.45,0,311.2,3.52
10745,63,59,9,1,2014-11-18,2014-12-16,2014-11-27,45,55,0,2475,3.52
10745,63,72,9,1,2014-11-18,2014-12-16,2014-11-27,7,34.8,0,243.6,3.52
10746,14,13,1,3,2014-11-19,2014-12-17,2014-11-21,6,6,0,36,31.43
10746,14,42,1,3,2014-11-19,2014-12-17,2014-11-21,28,14,0,392,31.43
10746,14,62,1,3,2014-11-19,2014-12-17,2014-11-21,9,49.3,0,443.7,31.43
10746,14,69,1,3,2014-11-19,2014-12-17,2014-11-21,40,36,0,1440,31.43
10747,59,31,6,1,2014-11-19,2014-12-17,2014-11-26,8,12.5,0,100,117.33
10747,59,41,6,1,2014-11-19,2014-12-17,2014-11-26,35,9.65,0,337.75,117.33
10747,59,63,6,1,2014-11-19,2014-12-17,2014-11-26,9,43.9,0,395.1,117.33
10747,59,69,6,1,2014-11-19,2014-12-17,2014-11-26,30,36,0,1080,117.33
10748,71,23,3,1,2014-11-20,2014-12-18,2014-11-28,44,9,0,396,232.55
10748,71,40,3,1,2014-11-20,2014-12-18,2014-11-28,40,18.4,0,736,232.55
10748,71,56,3,1,2014-11-20,2014-12-18,2014-11-28,28,38,0,1064,232.55
10749,38,56,4,2,2014-11-20,2014-12-18,2014-12-19,15,38,0,570,61.53
10749,38,59,4,2,2014-11-20,2014-12-18,2014-12-19,6,55,0,330,61.53
10749,38,76,4,2,2014-11-20,2014-12-18,2014-12-19,10,18,0,180,61.53
10750,87,14,9,1,2014-11-21,2014-12-19,2014-11-24,5,19.7625,0.15,98.8125,79.3
10750,87,45,9,1,2014-11-21,2014-12-19,2014-11-24,40,8.075,0.15,323,79.3
10750,87,59,9,1,2014-11-21,2014-12-19,2014-11-24,25,46.75,0.15,1168.75,79.3
10751,68,26,3,3,2014-11-24,2014-12-22,2014-12-03,12,28.107,0.1,337.284,130.79
10751,68,30,3,3,2014-11-24,2014-12-22,2014-12-03,30,25.89,0,776.7,130.79
10751,68,50,3,3,2014-11-24,2014-12-22,2014-12-03,20,14.625,0.1,292.5,130.79
10751,68,73,3,3,2014-11-24,2014-12-22,2014-12-03,15,15,0,225,130.79
10752,53,1,2,3,2014-11-24,2014-12-22,2014-11-28,8,18,0,144,1.39
10752,53,69,2,3,2014-11-24,2014-12-22,2014-11-28,3,36,0,108,1.39
10753,27,45,3,1,2014-11-25,2014-12-23,2014-11-27,4,9.5,0,38,7.7
10753,27,74,3,1,2014-11-25,2014-12-23,2014-11-27,5,10,0,50,7.7
10754,49,40,6,3,2014-11-25,2014-12-23,2014-11-27,3,18.4,0,55.2,2.38
10755,9,47,4,2,2014-11-26,2014-12-24,2014-11-28,30,7.125,0.25,213.75,16.71
10755,9,56,4,2,2014-11-26,2014-12-24,2014-11-28,30,28.5,0.25,855,16.71
10755,9,57,4,2,2014-11-26,2014-12-24,2014-11-28,14,14.625,0.25,204.75,16.71
10755,9,69,4,2,2014-11-26,2014-12-24,2014-11-28,25,27,0.25,675,16.71
10756,75,18,8,2,2014-11-27,2014-12-25,2014-12-02,21,50,0.2,1050,73.21
10756,75,36,8,2,2014-11-27,2014-12-25,2014-12-02,20,15.2,0.2,304,73.21
10756,75,68,8,2,2014-11-27,2014-12-25,2014-12-02,6,10,0.2,60,73.21
10756,75,69,8,2,2014-11-27,2014-12-25,2014-12-02,20,28.8,0.2,576,73.21
10757,71,34,6,1,2014-11-27,2014-12-25,2014-12-15,30,14,0,420,8.19
10757,71,59,6,1,2014-11-27,2014-12-25,2014-12-15,7,55,0,385,8.19
10757,71,62,6,1,2014-11-27,2014-12-25,2014-12-15,30,49.3,0,1479,8.19
10757,71,64,6,1,2014-11-27,2014-12-25,2014-12-15,24,33.25,0,798,8.19
10758,68,26,3,3,2014-11-28,2014-12-26,2014-12-04,20,31.23,0,624.6,138.17
10758,68,52,3,3,2014-11-28,2014-12-26,2014-12-04,60,7,0,420,138.17
10758,68,70,3,3,2014-11-28,2014-12-26,2014-12-04,40,15,0,600,138.17
10759,2,32,3,3,2014-11-28,2014-12-26,2014-12-12,10,32,0,320,11.99
10760,50,25,4,1,2014-12-01,2014-12-29,2014-12-10,12,10.5,0.25,126,155.64
10760,50,27,4,1,2014-12-01,2014-12-29,2014-12-10,40,43.9,0,1756,155.64
10760,50,43,4,1,2014-12-01,2014-12-29,2014-12-10,30,34.5,0.25,1035,155.64
10761,65,25,5,2,2014-12-02,2014-12-30,2014-12-08,35,10.5,0.25,367.5,18.66
10761,65,75,5,2,2014-12-02,2014-12-30,2014-12-08,18,7.75,0,139.5,18.66
10762,24,39,3,1,2014-12-02,2014-12-30,2014-12-09,16,18,0,288,328.74
10762,24,47,3,1,2014-12-02,2014-12-30,2014-12-09,30,9.5,0,285,328.74
10762,24,51,3,1,2014-12-02,2014-12-30,2014-12-09,28,53,0,1484,328.74
10762,24,56,3,1,2014-12-02,2014-12-30,2014-12-09,60,38,0,2280,328.74
10763,23,21,3,3,2014-12-03,2014-12-31,2014-12-08,40,10,0,400,37.35
10763,23,22,3,3,2014-12-03,2014-12-31,2014-12-08,6,21,0,126,37.35
10763,23,24,3,3,2014-12-03,2014-12-31,2014-12-08,20,4.5,0,90,37.35
10764,20,3,6,3,2014-12-03,2014-12-31,2014-12-08,20,9,0.1,180,145.45
10764,20,39,6,3,2014-12-03,2014-12-31,2014-12-08,130,16.2,0.1,2106,145.45
10765,63,65,3,3,2014-12-04,2015-01-01,2014-12-09,80,18.945,0.1,1515.6,42.74
10766,56,2,4,1,2014-12-05,2015-01-02,2014-12-09,40,19,0,760,157.55
10766,56,7,4,1,2014-12-05,2015-01-02,2014-12-09,35,30,0,1050,157.55
10766,56,68,4,1,2014-12-05,2015-01-02,2014-12-09,40,12.5,0,500,157.55
10767,76,42,4,3,2014-12-05,2015-01-02,2014-12-15,2,14,0,28,1.59
10768,4,22,3,2,2014-12-08,2015-01-05,2014-12-15,4,21,0,84,146.32
10768,4,31,3,2,2014-12-08,2015-01-05,2014-12-15,50,12.5,0,625,146.32
10768,4,60,3,2,2014-12-08,2015-01-05,2014-12-15,15,34,0,510,146.32
10768,4,71,3,2,2014-12-08,2015-01-05,2014-12-15,12,21.5,0,258,146.32
10769,83,41,3,1,2014-12-08,2015-01-05,2014-12-12,30,9.1675,0.05,275.025,65.06
10769,83,52,3,1,2014-12-08,2015-01-05,2014-12-12,15,6.65,0.05,99.75,65.06
10769,83,61,3,1,2014-12-08,2015-01-05,2014-12-12,20,28.5,0,570,65.06
10769,83,62,3,1,2014-12-08,2015-01-05,2014-12-12,15,49.3,0,739.5,65.06
10770,34,11,8,3,2014-12-09,2015-01-06,2014-12-17,15,15.75,0.25,236.25,5.32
10771,20,71,9,2,2014-12-10,2015-01-07,2015-01-02,16,21.5,0,344,11.19
10772,44,29,3,2,2014-12-10,2015-01-07,2014-12-19,18,123.79,0,2228.22,91.28
10772,44,59,3,2,2014-12-10,2015-01-07,2014-12-19,25,55,0,1375,91.28
10773,20,17,1,3,2014-12-11,2015-01-08,2014-12-16,33,39,0,1287,96.43
10773,20,31,1,3,2014-12-11,2015-01-08,2014-12-16,70,10,0.2,700,96.43
10773,20,75,1,3,2014-12-11,2015-01-08,2014-12-16,7,6.2,0.2,43.4,96.43
10774,24,31,4,1,2014-12-11,2014-12-25,2014-12-12,2,9.375,0.25,18.75,48.2
10774,24,66,4,1,2014-12-11,2014-12-25,2014-12-12,50,17,0,850,48.2
10775,78,10,7,1,2014-12-12,2015-01-09,2014-12-26,6,31,0,186,20.25
10775,78,67,7,1,2014-12-12,2015-01-09,2014-12-26,3,14,0,42,20.25
10776,20,31,1,3,2014-12-15,2015-01-12,2014-12-18,16,11.875,0.05,190,351.53
10776,20,42,1,3,2014-12-15,2015-01-12,2014-12-18,12,13.3,0.05,159.6,351.53
10776,20,45,1,3,2014-12-15,2015-01-12,2014-12-18,27,9.025,0.05,243.675,351.53
10776,20,51,1,3,2014-12-15,2015-01-12,2014-12-18,120,50.35,0.05,6042,351.53
10777,31,42,7,2,2014-12-15,2014-12-29,2015-01-21,20,11.2,0.2,224,3.01
10778,5,41,3,1,2014-12-16,2015-01-13,2014-12-24,10,9.65,0,96.5,6.79
10779,52,16,3,2,2014-12-16,2015-01-13,2015-01-14,20,17.45,0,349,58.13
10779,52,62,3,2,2014-12-16,2015-01-13,2015-01-14,20,49.3,0,986,58.13
10780,46,70,2,1,2014-12-16,2014-12-30,2014-12-25,35,15,0,525,42.13
10780,46,77,2,1,2014-12-16,2014-12-30,2014-12-25,15,13,0,195,42.13
10781,87,54,2,3,2014-12-17,2015-01-14,2014-12-19,3,5.96,0.2,17.88,73.16
10781,87,56,2,3,2014-12-17,2015-01-14,2014-12-19,20,30.4,0.2,608,73.16
10781,87,74,2,3,2014-12-17,2015-01-14,2014-12-19,35,10,0,350,73.16
10782,12,31,9,3,2014-12-17,2015-01-14,2014-12-22,1,12.5,0,12.5,1.1
10783,34,31,4,2,2014-12-18,2015-01-15,2014-12-19,10,12.5,0,125,124.98
10783,34,38,4,2,2014-12-18,2015-01-15,2014-12-19,5,263.5,0,1317.5,124.98
10784,49,36,4,3,2014-12-18,2015-01-15,2014-12-22,30,19,0,570,70.09
10784,49,39,4,3,2014-12-18,2015-01-15,2014-12-22,2,15.3,0.15,30.6,70.09
10784,49,72,4,3,2014-12-18,2015-01-15,2014-12-22,30,29.58,0.15,887.4,70.09
10785,33,10,1,3,2014-12-18,2015-01-15,2014-12-24,10,31,0,310,1.51
10785,33,75,1,3,2014-12-18,2015-01-15,2014-12-24,10,7.75,0,77.5,1.51
10786,62,8,8,1,2014-12-19,2015-01-16,2014-12-23,30,32,0.2,960,110.87
10786,62,30,8,1,2014-12-19,2015-01-16,2014-12-23,15,20.712,0.2,310.68,110.87
10786,62,75,8,1,2014-12-19,2015-01-16,2014-12-23,42,6.2,0.2,260.4,110.87
10787,41,2,2,1,2014-12-19,2015-01-02,2014-12-26,15,18.05,0.05,270.75,249.93
10787,41,29,2,1,2014-12-19,2015-01-02,2014-12-26,20,117.6005,0.05,2352.01,249.93
10788,63,19,1,2,2014-12-22,2015-01-19,2015-01-19,50,8.74,0.05,437,42.7
10788,63,75,1,2,2014-12-22,2015-01-19,2015-01-19,40,7.3625,0.05,294.5,42.7
10789,23,18,1,2,2014-12-22,2015-01-19,2014-12-31,30,62.5,0,1875,100.6
10789,23,35,1,2,2014-12-22,2015-01-19,2014-12-31,15,18,0,270,100.6
10789,23,63,1,2,2014-12-22,2015-01-19,2014-12-31,30,43.9,0,1317,100.6
10789,23,68,1,2,2014-12-22,2015-01-19,2014-12-31,18,12.5,0,225,100.6
10790,31,7,6,1,2014-12-22,2015-01-19,2014-12-26,3,25.5,0.15,76.5,28.23
10790,31,56,6,1,2014-12-22,2015-01-19,2014-12-26,20,32.3,0.15,646,28.23
10791,25,29,6,2,2014-12-23,2015-01-20,2015-01-01,14,117.6005,0.05,1646.407,16.85
10791,25,41,6,2,2014-12-23,2015-01-20,2015-01-01,20,9.1675,0.05,183.35,16.85
10792,91,2,1,3,2014-12-23,2015-01-20,2014-12-31,10,19,0,190,23.79
10792,91,54,1,3,2014-12-23,2015-01-20,2014-12-31,3,7.45,0,22.35,23.79
10792,91,68,1,3,2014-12-23,2015-01-20,2014-12-31,15,12.5,0,187.5,23.79
10793,4,41,3,3,2014-12-24,2015-01-21,2015-01-08,14,9.65,0,135.1,4.52
10793,4,52,3,3,2014-12-24,2015-01-21,2015-01-08,8,7,0,56,4.52
10794,61,14,6,1,2014-12-24,2015-01-21,2015-01-02,15,18.6,0.2,279,21.49
10794,61,54,6,1,2014-12-24,2015-01-21,2015-01-02,6,5.96,0.2,35.76,21.49
10795,20,16,8,2,2014-12-24,2015-01-21,2015-01-20,65,17.45,0,1134.25,126.66
10795,20,17,8,2,2014-12-24,2015-01-21,2015-01-20,35,29.25,0.25,1023.75,126.66
10796,35,26,3,1,2014-12-25,2015-01-22,2015-01-14,21,24.984,0.2,524.664,26.52
10796,35,44,3,1,2014-12-25,2015-01-22,2015-01-14,10,19.45,0,194.5,26.52
10796,35,64,3,1,2014-12-25,2015-01-22,2015-01-14,35,26.6,0.2,931,26.52
10796,35,69,3,1,2014-12-25,2015-01-22,2015-01-14,24,28.8,0.2,691.2,26.52
10797,17,11,7,2,2014-12-25,2015-01-22,2015-01-05,20,21,0,420,33.35
10798,38,62,2,1,2014-12-26,2015-01-23,2015-01-05,2,49.3,0,98.6,2.33
10798,38,72,2,1,2014-12-26,2015-01-23,2015-01-05,10,34.8,0,348,2.33
10799,39,13,9,3,2014-12-26,2015-02-06,2015-01-05,20,5.1,0.15,102,30.76
10799,39,24,9,3,2014-12-26,2015-02-06,2015-01-05,20,3.825,0.15,76.5,30.76
10799,39,59,9,3,2014-12-26,2015-02-06,2015-01-05,25,55,0,1375,30.76
10800,72,11,1,3,2014-12-26,2015-01-23,2015-01-05,50,18.9,0.1,945,137.44
10800,72,51,1,3,2014-12-26,2015-01-23,2015-01-05,10,47.7,0.1,477,137.44
10800,72,54,1,3,2014-12-26,2015-01-23,2015-01-05,7,6.705,0.1,46.935,137.44
10801,8,17,4,2,2014-12-29,2015-01-26,2014-12-31,40,29.25,0.25,1170,97.09
10801,8,29,4,2,2014-12-29,2015-01-26,2014-12-31,20,92.8425,0.25,1856.85,97.09
10802,73,30,4,2,2014-12-29,2015-01-26,2015-01-02,25,19.4175,0.25,485.4375,257.26
10802,73,51,4,2,2014-12-29,2015-01-26,2015-01-02,30,39.75,0.25,1192.5,257.26
10802,73,55,4,2,2014-12-29,2015-01-26,2015-01-02,60,18,0.25,1080,257.26
10802,73,62,4,2,2014-12-29,2015-01-26,2015-01-02,5,36.975,0.25,184.875,257.26
10803,88,19,4,1,2014-12-30,2015-01-27,2015-01-06,24,8.74,0.05,209.76,55.23
10803,88,25,4,1,2014-12-30,2015-01-27,2015-01-06,15,13.3,0.05,199.5,55.23
10803,88,59,4,1,2014-12-30,2015-01-27,2015-01-06,15,52.25,0.05,783.75,55.23
10804,72,10,6,2,2014-12-30,2015-01-27,2015-01-07,36,31,0,1116,27.33
10804,72,28,6,2,2014-12-30,2015-01-27,2015-01-07,24,45.6,0,1094.4,27.33
10804,72,49,6,2,2014-12-30,2015-01-27,2015-01-07,4,17,0.15,68,27.33
10805,77,34,2,3,2014-12-30,2015-01-27,2015-01-09,10,14,0,140,237.34
10805,77,38,2,3,2014-12-30,2015-01-27,2015-01-09,10,263.5,0,2635,237.34
10806,84,2,3,2,2014-12-31,2015-01-28,2015-01-05,20,14.25,0.25,285,22.11
10806,84,65,3,2,2014-12-31,2015-01-28,2015-01-05,2,21.05,0,42.1,22.11
10806,84,74,3,2,2014-12-31,2015-01-28,2015-01-05,15,7.5,0.25,112.5,22.11
10807,27,40,4,1,2014-12-31,2015-01-28,2015-01-30,1,18.4,0,18.4,1.36
10808,55,56,2,3,2015-01-01,2015-01-29,2015-01-09,20,32.3,0.15,646,45.53
10808,55,76,2,3,2015-01-01,2015-01-29,2015-01-09,50,15.3,0.15,765,45.53
10809,88,52,7,1,2015-01-01,2015-01-29,2015-01-07,20,7,0,140,4.87
10810,42,13,2,3,2015-01-01,2015-01-29,2015-01-07,7,6,0,42,4.33
10810,42,25,2,3,2015-01-01,2015-01-29,2015-01-07,5,14,0,70,4.33
10810,42,70,2,3,2015-01-01,2015-01-29,2015-01-07,5,15,0,75,4.33
10811,47,19,8,1,2015-01-02,2015-01-30,2015-01-08,15,9.2,0,138,31.22
10811,47,23,8,1,2015-01-02,2015-01-30,2015-01-08,18,9,0,162,31.22
10811,47,40,8,1,2015-01-02,2015-01-30,2015-01-08,30,18.4,0,552,31.22
10812,66,31,5,1,2015-01-02,2015-01-30,2015-01-12,16,11.25,0.1,180,59.78
10812,66,72,5,1,2015-01-02,2015-01-30,2015-01-12,40,31.32,0.1,1252.8,59.78
10812,66,77,5,1,2015-01-02,2015-01-30,2015-01-12,20,13,0,260,59.78
10813,67,2,1,1,2015-01-05,2015-02-02,2015-01-09,12,15.2,0.2,182.4,47.38
10813,67,46,1,1,2015-01-05,2015-02-02,2015-01-09,35,12,0,420,47.38
10814,84,41,3,3,2015-01-05,2015-02-02,2015-01-14,20,9.65,0,193,130.94
10814,84,43,3,3,2015-01-05,2015-02-02,2015-01-14,20,39.1,0.15,782,130.94
10814,84,48,3,3,2015-01-05,2015-02-02,2015-01-14,8,10.8375,0.15,86.7,130.94
10814,84,61,3,3,2015-01-05,2015-02-02,2015-01-14,30,24.225,0.15,726.75,130.94
10815,71,33,2,3,2015-01-05,2015-02-02,2015-01-14,16,2.5,0,40,14.62
10816,32,38,4,2,2015-01-06,2015-02-03,2015-02-04,30,250.325,0.05,7509.75,719.78
10816,32,62,4,2,2015-01-06,2015-02-03,2015-02-04,20,46.835,0.05,936.7,719.78
10817,39,26,3,2,2015-01-06,2015-01-20,2015-01-13,40,26.5455,0.15,1061.82,306.07
10817,39,38,3,2,2015-01-06,2015-01-20,2015-01-13,30,263.5,0,7905,306.07
10817,39,40,3,2,2015-01-06,2015-01-20,2015-01-13,60,15.64,0.15,938.4,306.07
10817,39,62,3,2,2015-01-06,2015-01-20,2015-01-13,25,41.905,0.15,1047.625,306.07
10818,49,32,7,3,2015-01-07,2015-02-04,2015-01-12,20,32,0,640,65.48
10818,49,41,7,3,2015-01-07,2015-02-04,2015-01-12,20,9.65,0,193,65.48
10819,12,43,2,3,2015-01-07,2015-02-04,2015-01-16,7,46,0,322,19.76
10819,12,75,2,3,2015-01-07,2015-02-04,2015-01-16,20,7.75,0,155,19.76
10820,65,56,3,2,2015-01-07,2015-02-04,2015-01-13,30,38,0,1140,37.52
10821,75,35,1,1,2015-01-08,2015-02-05,2015-01-15,20,18,0,360,36.68
10821,75,51,1,1,2015-01-08,2015-02-05,2015-01-15,6,53,0,318,36.68
10822,82,62,6,3,2015-01-08,2015-02-05,2015-01-16,3,49.3,0,147.9,7
10822,82,70,6,3,2015-01-08,2015-02-05,2015-01-16,6,15,0,90,7
10823,46,11,5,2,2015-01-09,2015-02-06,2015-01-13,20,18.9,0.1,378,163.97
10823,46,57,5,2,2015-01-09,2015-02-06,2015-01-13,15,19.5,0,292.5,163.97
10823,46,59,5,2,2015-01-09,2015-02-06,2015-01-13,40,49.5,0.1,1980,163.97
10823,46,77,5,2,2015-01-09,2015-02-06,2015-01-13,15,11.7,0.1,175.5,163.97
10824,24,41,8,1,2015-01-09,2015-02-06,2015-01-30,12,9.65,0,115.8,1.23
10824,24,70,8,1,2015-01-09,2015-02-06,2015-01-30,9,15,0,135,1.23
10825,17,26,1,1,2015-01-09,2015-02-06,2015-01-14,12,31.23,0,374.76,79.25
10825,17,53,1,1,2015-01-09,2015-02-06,2015-01-14,20,32.8,0,656,79.25
10826,7,31,6,1,2015-01-12,2015-02-09,2015-02-06,35,12.5,0,437.5,7.09
10826,7,57,6,1,2015-01-12,2015-02-09,2015-02-06,15,19.5,0,292.5,7.09
10827,9,10,1,2,2015-01-12,2015-01-26,2015-02-06,15,31,0,465,63.54
10827,9,39,1,2,2015-01-12,2015-01-26,2015-02-06,21,18,0,378,63.54
10828,64,20,9,1,2015-01-13,2015-01-27,2015-02-04,5,81,0,405,90.85
10828,64,38,9,1,2015-01-13,2015-01-27,2015-02-04,2,263.5,0,527,90.85
10829,38,2,9,1,2015-01-13,2015-02-10,2015-01-23,10,19,0,190,154.72
10829,38,8,9,1,2015-01-13,2015-02-10,2015-01-23,20,40,0,800,154.72
10829,38,13,9,1,2015-01-13,2015-02-10,2015-01-23,10,6,0,60,154.72
10829,38,60,9,1,2015-01-13,2015-02-10,2015-01-23,21,34,0,714,154.72
10830,81,6,4,2,2015-01-13,2015-02-24,2015-01-21,6,25,0,150,81.83
10830,81,39,4,2,2015-01-13,2015-02-24,2015-01-21,28,18,0,504,81.83
10830,81,60,4,2,2015-01-13,2015-02-24,2015-01-21,30,34,0,1020,81.83
10830,81,68,4,2,2015-01-13,2015-02-24,2015-01-21,24,12.5,0,300,81.83
10831,70,19,3,2,2015-01-14,2015-02-11,2015-01-23,2,9.2,0,18.4,72.19
10831,70,35,3,2,2015-01-14,2015-02-11,2015-01-23,8,18,0,144,72.19
10831,70,38,3,2,2015-01-14,2015-02-11,2015-01-23,8,263.5,0,2108,72.19
10831,70,43,3,2,2015-01-14,2015-02-11,2015-01-23,9,46,0,414,72.19
10832,41,13,2,2,2015-01-14,2015-02-11,2015-01-19,3,4.8,0.2,14.4,43.26
10832,41,25,2,2,2015-01-14,2015-02-11,2015-01-19,10,11.2,0.2,112,43.26
10832,41,44,2,2,2015-01-14,2015-02-11,2015-01-19,16,15.56,0.2,248.96,43.26
10832,41,64,2,2,2015-01-14,2015-02-11,2015-01-19,3,33.25,0,99.75,43.26
10833,56,7,6,2,2015-01-15,2015-02-12,2015-01-23,20,27,0.1,540,71.49
10833,56,31,6,2,2015-01-15,2015-02-12,2015-01-23,9,11.25,0.1,101.25,71.49
10833,56,53,6,2,2015-01-15,2015-02-12,2015-01-23,9,29.52,0.1,265.68,71.49
10834,81,29,1,3,2015-01-15,2015-02-12,2015-01-19,8,117.6005,0.05,940.804,29.78
10834,81,30,1,3,2015-01-15,2015-02-12,2015-01-19,20,24.5955,0.05,491.91,29.78
10835,1,59,1,3,2015-01-15,2015-02-12,2015-01-21,15,55,0,825,69.53
10835,1,77,1,3,2015-01-15,2015-02-12,2015-01-21,2,10.4,0.2,20.8,69.53
10836,20,22,7,1,2015-01-16,2015-02-13,2015-01-21,52,21,0,1092,411.88
10836,20,35,7,1,2015-01-16,2015-02-13,2015-01-21,6,18,0,108,411.88
10836,20,57,7,1,2015-01-16,2015-02-13,2015-01-21,24,19.5,0,468,411.88
10836,20,60,7,1,2015-01-16,2015-02-13,2015-01-21,60,34,0,2040,411.88
10836,20,64,7,1,2015-01-16,2015-02-13,2015-01-21,30,33.25,0,997.5,411.88
10837,5,13,9,3,2015-01-16,2015-02-13,2015-01-23,6,6,0,36,13.32
10837,5,40,9,3,2015-01-16,2015-02-13,2015-01-23,25,18.4,0,460,13.32
10837,5,47,9,3,2015-01-16,2015-02-13,2015-01-23,40,7.125,0.25,285,13.32
10837,5,76,9,3,2015-01-16,2015-02-13,2015-01-23,21,13.5,0.25,283.5,13.32
10838,47,1,3,3,2015-01-19,2015-02-16,2015-01-23,4,13.5,0.25,54,59.28
10838,47,18,3,3,2015-01-19,2015-02-16,2015-01-23,25,46.875,0.25,1171.875,59.28
10838,47,36,3,3,2015-01-19,2015-02-16,2015-01-23,50,14.25,0.25,712.5,59.28
10839,81,58,3,3,2015-01-19,2015-02-16,2015-01-22,30,11.925,0.1,357.75,35.43
10839,81,72,3,3,2015-01-19,2015-02-16,2015-01-22,15,31.32,0.1,469.8,35.43
10840,47,25,4,2,2015-01-19,2015-03-02,2015-02-16,6,11.2,0.2,67.2,2.71
10840,47,39,4,2,2015-01-19,2015-03-02,2015-02-16,10,14.4,0.2,144,2.71
10841,76,10,5,2,2015-01-20,2015-02-17,2015-01-29,16,31,0,496,424.3
10841,76,56,5,2,2015-01-20,2015-02-17,2015-01-29,30,38,0,1140,424.3
10841,76,59,5,2,2015-01-20,2015-02-17,2015-01-29,50,55,0,2750,424.3
10841,76,77,5,2,2015-01-20,2015-02-17,2015-01-29,15,13,0,195,424.3
10842,80,11,1,3,2015-01-20,2015-02-17,2015-01-29,15,21,0,315,54.42
10842,80,43,1,3,2015-01-20,2015-02-17,2015-01-29,5,46,0,230,54.42
10842,80,68,1,3,2015-01-20,2015-02-17,2015-01-29,20,12.5,0,250,54.42
10842,80,70,1,3,2015-01-20,2015-02-17,2015-01-29,12,15,0,180,54.42
10843,84,51,4,2,2015-01-21,2015-02-18,2015-01-26,4,39.75,0.25,159,9.26
10844,59,22,8,2,2015-01-21,2015-02-18,2015-01-26,35,21,0,735,25.22
10845,63,23,8,1,2015-01-21,2015-02-04,2015-01-30,70,8.1,0.1,567,212.98
10845,63,35,8,1,2015-01-21,2015-02-04,2015-01-30,25,16.2,0.1,405,212.98
10845,63,42,8,1,2015-01-21,2015-02-04,2015-01-30,42,12.6,0.1,529.2,212.98
10845,63,58,8,1,2015-01-21,2015-02-04,2015-01-30,60,11.925,0.1,715.5,212.98
10845,63,64,8,1,2015-01-21,2015-02-04,2015-01-30,48,33.25,0,1596,212.98
10846,76,4,2,3,2015-01-22,2015-03-05,2015-01-23,21,22,0,462,56.46
10846,76,70,2,3,2015-01-22,2015-03-05,2015-01-23,30,15,0,450,56.46
10846,76,74,2,3,2015-01-22,2015-03-05,2015-01-23,20,10,0,200,56.46
10847,71,1,4,3,2015-01-22,2015-02-05,2015-02-10,80,14.4,0.2,1152,487.57
10847,71,19,4,3,2015-01-22,2015-02-05,2015-02-10,12,7.36,0.2,88.32,487.57
10847,71,37,4,3,2015-01-22,2015-02-05,2015-02-10,60,20.8,0.2,1248,487.57
10847,71,45,4,3,2015-01-22,2015-02-05,2015-02-10,36,7.6,0.2,273.6,487.57
10847,71,60,4,3,2015-01-22,2015-02-05,2015-02-10,45,27.2,0.2,1224,487.57
10847,71,71,4,3,2015-01-22,2015-02-05,2015-02-10,55,17.2,0.2,946,487.57
10848,16,5,7,2,2015-01-23,2015-02-20,2015-01-29,30,21.35,0,640.5,38.24
10848,16,9,7,2,2015-01-23,2015-02-20,2015-01-29,3,97,0,291,38.24
10849,39,3,9,2,2015-01-23,2015-02-20,2015-01-30,49,10,0,490,0.56
10849,39,26,9,2,2015-01-23,2015-02-20,2015-01-30,18,26.5455,0.15,477.819,0.56
10850,84,25,1,1,2015-01-23,2015-03-06,2015-01-30,20,11.9,0.15,238,49.19
10850,84,33,1,1,2015-01-23,2015-03-06,2015-01-30,4,2.125,0.15,8.5,49.19
10850,84,70,1,1,2015-01-23,2015-03-06,2015-01-30,30,12.75,0.15,382.5,49.19
10851,67,2,5,1,2015-01-26,2015-02-23,2015-02-02,5,18.05,0.05,90.25,160.55
10851,67,25,5,1,2015-01-26,2015-02-23,2015-02-02,10,13.3,0.05,133,160.55
10851,67,57,5,1,2015-01-26,2015-02-23,2015-02-02,10,18.525,0.05,185.25,160.55
10851,67,59,5,1,2015-01-26,2015-02-23,2015-02-02,42,52.25,0.05,2194.5,160.55
10852,65,2,8,1,2015-01-26,2015-02-09,2015-01-30,15,19,0,285,174.05
10852,65,17,8,1,2015-01-26,2015-02-09,2015-01-30,6,39,0,234,174.05
10852,65,62,8,1,2015-01-26,2015-02-09,2015-01-30,50,49.3,0,2465,174.05
10853,6,18,9,2,2015-01-27,2015-02-24,2015-02-03,10,62.5,0,625,53.83
10854,20,10,3,2,2015-01-27,2015-02-24,2015-02-05,100,26.35,0.15,2635,100.22
10854,20,13,3,2,2015-01-27,2015-02-24,2015-02-05,65,5.1,0.15,331.5,100.22
10855,55,16,3,1,2015-01-27,2015-02-24,2015-02-04,50,17.45,0,872.5,170.97
10855,55,31,3,1,2015-01-27,2015-02-24,2015-02-04,14,12.5,0,175,170.97
10855,55,56,3,1,2015-01-27,2015-02-24,2015-02-04,24,38,0,912,170.97
10855,55,65,3,1,2015-01-27,2015-02-24,2015-02-04,15,17.8925,0.15,268.3875,170.97
10856,3,2,3,2,2015-01-28,2015-02-25,2015-02-10,20,19,0,380,58.43
10856,3,42,3,2,2015-01-28,2015-02-25,2015-02-10,20,14,0,280,58.43
10857,5,3,8,2,2015-01-28,2015-02-25,2015-02-06,30,10,0,300,188.85
10857,5,26,8,2,2015-01-28,2015-02-25,2015-02-06,35,23.4225,0.25,819.7875,188.85
10857,5,29,8,2,2015-01-28,2015-02-25,2015-02-06,10,92.8425,0.25,928.425,188.85
10858,40,7,2,1,2015-01-29,2015-02-26,2015-02-03,5,30,0,150,52.51
10858,40,27,2,1,2015-01-29,2015-02-26,2015-02-03,10,43.9,0,439,52.51
10858,40,70,2,1,2015-01-29,2015-02-26,2015-02-03,4,15,0,60,52.51
10859,25,24,1,2,2015-01-29,2015-02-26,2015-02-02,40,3.375,0.25,135,76.1
10859,25,54,1,2,2015-01-29,2015-02-26,2015-02-02,35,5.5875,0.25,195.5625,76.1
10859,25,64,1,2,2015-01-29,2015-02-26,2015-02-02,30,24.9375,0.25,748.125,76.1
10860,26,51,3,3,2015-01-29,2015-02-26,2015-02-04,3,53,0,159,19.26
10860,26,76,3,3,2015-01-29,2015-02-26,2015-02-04,20,18,0,360,19.26
10861,89,17,4,2,2015-01-30,2015-02-27,2015-02-17,42,39,0,1638,14.93
10861,89,18,4,2,2015-01-30,2015-02-27,2015-02-17,20,62.5,0,1250,14.93
10861,89,21,4,2,2015-01-30,2015-02-27,2015-02-17,40,10,0,400,14.93
10861,89,33,4,2,2015-01-30,2015-02-27,2015-02-17,35,2.5,0,87.5,14.93
10861,89,62,4,2,2015-01-30,2015-02-27,2015-02-17,3,49.3,0,147.9,14.93
10862,44,11,8,2,2015-01-30,2015-03-13,2015-02-02,25,21,0,525,53.23
10862,44,52,8,2,2015-01-30,2015-03-13,2015-02-02,8,7,0,56,53.23
10863,35,1,4,2,2015-02-02,2015-03-02,2015-02-17,20,15.3,0.15,306,30.26
10863,35,58,4,2,2015-02-02,2015-03-02,2015-02-17,12,11.2625,0.15,135.15,30.26
10864,4,35,4,2,2015-02-02,2015-03-02,2015-02-09,4,18,0,72,3.04
10864,4,67,4,2,2015-02-02,2015-03-02,2015-02-09,15,14,0,210,3.04
10865,63,38,2,1,2015-02-02,2015-02-16,2015-02-12,60,250.325,0.05,15019.5,348.14
10865,63,39,2,1,2015-02-02,2015-02-16,2015-02-12,80,17.1,0.05,1368,348.14
10866,5,2,5,1,2015-02-03,2015-03-03,2015-02-12,21,14.25,0.25,299.25,109.11
10866,5,24,5,1,2015-02-03,2015-03-03,2015-02-12,6,3.375,0.25,20.25,109.11
10866,5,30,5,1,2015-02-03,2015-03-03,2015-02-12,40,19.4175,0.25,776.7,109.11
10867,48,53,6,1,2015-02-03,2015-03-17,2015-02-11,3,32.8,0,98.4,1.93
10868,62,26,7,2,2015-02-04,2015-03-04,2015-02-23,20,31.23,0,624.6,191.27
10868,62,35,7,2,2015-02-04,2015-03-04,2015-02-23,30,18,0,540,191.27
10868,62,49,7,2,2015-02-04,2015-03-04,2015-02-23,42,18,0.1,756,191.27
10869,72,1,5,1,2015-02-04,2015-03-04,2015-02-09,40,18,0,720,143.28
10869,72,11,5,1,2015-02-04,2015-03-04,2015-02-09,10,21,0,210,143.28
10869,72,23,5,1,2015-02-04,2015-03-04,2015-02-09,50,9,0,450,143.28
10869,72,68,5,1,2015-02-04,2015-03-04,2015-02-09,20,12.5,0,250,143.28
10870,91,35,5,3,2015-02-04,2015-03-04,2015-02-13,3,18,0,54,12.04
10870,91,51,5,3,2015-02-04,2015-03-04,2015-02-13,2,53,0,106,12.04
10871,9,6,9,2,2015-02-05,2015-03-05,2015-02-10,50,23.75,0.05,1187.5,112.27
10871,9,16,9,2,2015-02-05,2015-03-05,2015-02-10,12,16.5775,0.05,198.93,112.27
10871,9,17,9,2,2015-02-05,2015-03-05,2015-02-10,16,37.05,0.05,592.8,112.27
10872,30,55,5,2,2015-02-05,2015-03-05,2015-02-09,10,22.8,0.05,228,175.32
10872,30,62,5,2,2015-02-05,2015-03-05,2015-02-09,20,46.835,0.05,936.7,175.32
10872,30,64,5,2,2015-02-05,2015-03-05,2015-02-09,15,31.5875,0.05,473.8125,175.32
10872,30,65,5,2,2015-02-05,2015-03-05,2015-02-09,21,19.9975,0.05,419.9475,175.32
10873,90,21,4,1,2015-02-06,2015-03-06,2015-02-09,20,10,0,200,0.82
10873,90,28,4,1,2015-02-06,2015-03-06,2015-02-09,3,45.6,0,136.8,0.82
10874,30,10,5,2,2015-02-06,2015-03-06,2015-02-11,10,31,0,310,19.58
10875,5,19,4,2,2015-02-06,2015-03-06,2015-03-03,25,9.2,0,230,32.37
10875,5,47,4,2,2015-02-06,2015-03-06,2015-03-03,21,8.55,0.1,179.55,32.37
10875,5,49,4,2,2015-02-06,2015-03-06,2015-03-03,15,20,0,300,32.37
10876,9,46,7,3,2015-02-09,2015-03-09,2015-02-12,21,12,0,252,60.42
10876,9,64,7,3,2015-02-09,2015-03-09,2015-02-12,20,33.25,0,665,60.42
10877,67,16,1,1,2015-02-09,2015-03-09,2015-02-19,30,13.0875,0.25,392.625,38.06
10877,67,18,1,1,2015-02-09,2015-03-09,2015-02-19,25,62.5,0,1562.5,38.06
10878,63,20,4,1,2015-02-10,2015-03-10,2015-02-12,20,76.95,0.05,1539,46.69
10879,90,40,3,3,2015-02-10,2015-03-10,2015-02-12,12,18.4,0,220.8,8.5
10879,90,65,3,3,2015-02-10,2015-03-10,2015-02-12,10,21.05,0,210.5,8.5
10879,90,76,3,3,2015-02-10,2015-03-10,2015-02-12,10,18,0,180,8.5
10880,24,23,7,1,2015-02-10,2015-03-24,2015-02-18,30,7.2,0.2,216,88.01
10880,24,61,7,1,2015-02-10,2015-03-24,2015-02-18,30,22.8,0.2,684,88.01
10880,24,70,7,1,2015-02-10,2015-03-24,2015-02-18,50,12,0.2,600,88.01
10881,12,73,4,1,2015-02-11,2015-03-11,2015-02-18,10,15,0,150,2.84
10882,71,42,4,3,2015-02-11,2015-03-11,2015-02-20,25,14,0,350,23.1
10882,71,49,4,3,2015-02-11,2015-03-11,2015-02-20,20,17,0.15,340,23.1
10882,71,54,4,3,2015-02-11,2015-03-11,2015-02-20,32,6.3325,0.15,202.64,23.1
10883,48,24,8,3,2015-02-12,2015-03-12,2015-02-20,8,4.5,0,36,0.53
10884,45,21,4,2,2015-02-12,2015-03-12,2015-02-13,40,9.5,0.05,380,90.97
10884,45,56,4,2,2015-02-12,2015-03-12,2015-02-13,21,36.1,0.05,758.1,90.97
10884,45,65,4,2,2015-02-12,2015-03-12,2015-02-13,12,19.9975,0.05,239.97,90.97
10885,76,2,6,3,2015-02-12,2015-03-12,2015-02-18,20,19,0,380,5.64
10885,76,24,6,3,2015-02-12,2015-03-12,2015-02-18,12,4.5,0,54,5.64
10885,76,70,6,3,2015-02-12,2015-03-12,2015-02-18,30,15,0,450,5.64
10885,76,77,6,3,2015-02-12,2015-03-12,2015-02-18,25,13,0,325,5.64
10886,34,10,1,1,2015-02-13,2015-03-13,2015-03-02,70,31,0,2170,4.99
10886,34,31,1,1,2015-02-13,2015-03-13,2015-03-02,35,12.5,0,437.5,4.99
10886,34,77,1,1,2015-02-13,2015-03-13,2015-03-02,40,13,0,520,4.99
10887,29,25,8,3,2015-02-13,2015-03-13,2015-02-16,5,14,0,70,1.25
10888,30,2,1,2,2015-02-16,2015-03-16,2015-02-23,20,19,0,380,51.87
10888,30,68,1,2,2015-02-16,2015-03-16,2015-02-23,18,12.5,0,225,51.87
10889,65,11,9,3,2015-02-16,2015-03-16,2015-02-23,40,21,0,840,280.61
10889,65,38,9,3,2015-02-16,2015-03-16,2015-02-23,40,263.5,0,10540,280.61
10890,18,17,7,1,2015-02-16,2015-03-16,2015-02-18,15,39,0,585,32.76
10890,18,34,7,1,2015-02-16,2015-03-16,2015-02-18,10,14,0,140,32.76
10890,18,41,7,1,2015-02-16,2015-03-16,2015-02-18,14,9.65,0,135.1,32.76
10891,44,30,7,2,2015-02-17,2015-03-17,2015-02-19,15,24.5955,0.05,368.9325,20.37
10892,50,59,4,2,2015-02-17,2015-03-17,2015-02-19,40,52.25,0.05,2090,120.27
10893,39,8,9,2,2015-02-18,2015-03-18,2015-02-20,30,40,0,1200,77.78
10893,39,24,9,2,2015-02-18,2015-03-18,2015-02-20,10,4.5,0,45,77.78
10893,39,29,9,2,2015-02-18,2015-03-18,2015-02-20,24,123.79,0,2970.96,77.78
10893,39,30,9,2,2015-02-18,2015-03-18,2015-02-20,35,25.89,0,906.15,77.78
10893,39,36,9,2,2015-02-18,2015-03-18,2015-02-20,20,19,0,380,77.78
10894,71,13,1,1,2015-02-18,2015-03-18,2015-02-20,28,5.7,0.05,159.6,116.13
10894,71,69,1,1,2015-02-18,2015-03-18,2015-02-20,50,34.2,0.05,1710,116.13
10894,71,75,1,1,2015-02-18,2015-03-18,2015-02-20,120,7.3625,0.05,883.5,116.13
10895,20,24,3,1,2015-02-18,2015-03-18,2015-02-23,110,4.5,0,495,162.75
10895,20,39,3,1,2015-02-18,2015-03-18,2015-02-23,45,18,0,810,162.75
10895,20,40,3,1,2015-02-18,2015-03-18,2015-02-23,91,18.4,0,1674.4,162.75
10895,20,60,3,1,2015-02-18,2015-03-18,2015-02-23,100,34,0,3400,162.75
10896,50,45,7,3,2015-02-19,2015-03-19,2015-02-27,15,9.5,0,142.5,32.45
10896,50,56,7,3,2015-02-19,2015-03-19,2015-02-27,16,38,0,608,32.45
10897,37,29,3,2,2015-02-19,2015-03-19,2015-02-25,80,123.79,0,9903.2,603.54
10897,37,30,3,2,2015-02-19,2015-03-19,2015-02-25,36,25.89,0,932.04,603.54
10898,54,13,4,2,2015-02-20,2015-03-20,2015-03-06,5,6,0,30,1.27
10899,46,39,5,3,2015-02-20,2015-03-20,2015-02-26,8,15.3,0.15,122.4,1.21
10900,88,70,1,2,2015-02-20,2015-03-20,2015-03-04,3,11.25,0.25,33.75,1.66
10901,35,41,4,1,2015-02-23,2015-03-23,2015-02-26,30,9.65,0,289.5,62.09
10901,35,71,4,1,2015-02-23,2015-03-23,2015-02-26,30,21.5,0,645,62.09
10902,24,55,1,1,2015-02-23,2015-03-23,2015-03-03,30,20.4,0.15,612,44.15
10902,24,62,1,1,2015-02-23,2015-03-23,2015-03-03,6,41.905,0.15,251.43,44.15
10903,34,13,3,3,2015-02-24,2015-03-24,2015-03-04,40,6,0,240,36.71
10903,34,65,3,3,2015-02-24,2015-03-24,2015-03-04,21,21.05,0,442.05,36.71
10903,34,68,3,3,2015-02-24,2015-03-24,2015-03-04,20,12.5,0,250,36.71
10904,89,58,3,3,2015-02-24,2015-03-24,2015-02-27,15,13.25,0,198.75,162.95
10904,89,62,3,3,2015-02-24,2015-03-24,2015-02-27,35,49.3,0,1725.5,162.95
10905,88,1,9,2,2015-02-24,2015-03-24,2015-03-06,20,17.1,0.05,342,13.72
10906,91,61,4,3,2015-02-25,2015-03-11,2015-03-03,15,28.5,0,427.5,26.29
10907,74,75,6,3,2015-02-25,2015-03-25,2015-02-27,14,7.75,0,108.5,9.19
10908,66,7,4,2,2015-02-26,2015-03-26,2015-03-06,20,28.5,0.05,570,32.96
10908,66,52,4,2,2015-02-26,2015-03-26,2015-03-06,14,6.65,0.05,93.1,32.96
10909,70,7,1,2,2015-02-26,2015-03-26,2015-03-10,12,30,0,360,53.05
10909,70,16,1,2,2015-02-26,2015-03-26,2015-03-10,15,17.45,0,261.75,53.05
10909,70,41,1,2,2015-02-26,2015-03-26,2015-03-10,5,9.65,0,48.25,53.05
10910,90,19,1,3,2015-02-26,2015-03-26,2015-03-04,12,9.2,0,110.4,38.11
10910,90,49,1,3,2015-02-26,2015-03-26,2015-03-04,10,20,0,200,38.11
10910,90,61,1,3,2015-02-26,2015-03-26,2015-03-04,5,28.5,0,142.5,38.11
10911,30,1,3,1,2015-02-26,2015-03-26,2015-03-05,10,18,0,180,38.19
10911,30,17,3,1,2015-02-26,2015-03-26,2015-03-05,12,39,0,468,38.19
10911,30,67,3,1,2015-02-26,2015-03-26,2015-03-05,15,14,0,210,38.19
10912,37,11,2,2,2015-02-26,2015-03-26,2015-03-18,40,15.75,0.25,630,580.91
10912,37,29,2,2,2015-02-26,2015-03-26,2015-03-18,60,92.8425,0.25,5570.55,580.91
10913,62,4,4,1,2015-02-26,2015-03-26,2015-03-04,30,16.5,0.25,495,33.05
10913,62,33,4,1,2015-02-26,2015-03-26,2015-03-04,40,1.875,0.25,75,33.05
10913,62,58,4,1,2015-02-26,2015-03-26,2015-03-04,15,13.25,0,198.75,33.05
10914,62,71,6,1,2015-02-27,2015-03-27,2015-03-02,25,21.5,0,537.5,21.19
10915,80,17,2,2,2015-02-27,2015-03-27,2015-03-02,10,39,0,390,3.51
10915,80,33,2,2,2015-02-27,2015-03-27,2015-03-02,30,2.5,0,75,3.51
10915,80,54,2,2,2015-02-27,2015-03-27,2015-03-02,10,7.45,0,74.5,3.51
10916,64,16,1,2,2015-02-27,2015-03-27,2015-03-09,6,17.45,0,104.7,63.77
10916,64,32,1,2,2015-02-27,2015-03-27,2015-03-09,6,32,0,192,63.77
10916,64,57,1,2,2015-02-27,2015-03-27,2015-03-09,20,19.5,0,390,63.77
10917,69,30,4,2,2015-03-02,2015-03-30,2015-03-11,1,25.89,0,25.89,8.29
10917,69,60,4,2,2015-03-02,2015-03-30,2015-03-11,10,34,0,340,8.29
10918,10,1,3,3,2015-03-02,2015-03-30,2015-03-11,60,13.5,0.25,810,48.83
10918,10,60,3,3,2015-03-02,2015-03-30,2015-03-11,25,25.5,0.25,637.5,48.83
10919,47,16,2,2,2015-03-02,2015-03-30,2015-03-04,24,17.45,0,418.8,19.8
10919,47,25,2,2,2015-03-02,2015-03-30,2015-03-04,24,14,0,336,19.8
10919,47,40,2,2,2015-03-02,2015-03-30,2015-03-04,20,18.4,0,368,19.8
10920,4,50,4,2,2015-03-03,2015-03-31,2015-03-09,24,16.25,0,390,29.61
10921,83,35,1,1,2015-03-03,2015-04-14,2015-03-09,10,18,0,180,176.48
10921,83,63,1,1,2015-03-03,2015-04-14,2015-03-09,40,43.9,0,1756,176.48
10922,34,17,5,3,2015-03-03,2015-03-31,2015-03-05,15,39,0,585,62.74
10922,34,24,5,3,2015-03-03,2015-03-31,2015-03-05,35,4.5,0,157.5,62.74
10923,41,42,7,3,2015-03-03,2015-04-14,2015-03-13,10,11.2,0.2,112,68.26
10923,41,43,7,3,2015-03-03,2015-04-14,2015-03-13,10,36.8,0.2,368,68.26
10923,41,67,7,3,2015-03-03,2015-04-14,2015-03-13,24,11.2,0.2,268.8,68.26
10924,5,10,3,2,2015-03-04,2015-04-01,2015-04-08,20,27.9,0.1,558,151.52
10924,5,28,3,2,2015-03-04,2015-04-01,2015-04-08,30,41.04,0.1,1231.2,151.52
10924,5,75,3,2,2015-03-04,2015-04-01,2015-04-08,6,7.75,0,46.5,151.52
10925,34,36,3,1,2015-03-04,2015-04-01,2015-03-13,25,16.15,0.15,403.75,2.27
10925,34,52,3,1,2015-03-04,2015-04-01,2015-03-13,12,5.95,0.15,71.4,2.27
10926,2,11,4,3,2015-03-04,2015-04-01,2015-03-11,2,21,0,42,39.92
10926,2,13,4,3,2015-03-04,2015-04-01,2015-03-11,10,6,0,60,39.92
10926,2,19,4,3,2015-03-04,2015-04-01,2015-03-11,7,9.2,0,64.4,39.92
10926,2,72,4,3,2015-03-04,2015-04-01,2015-03-11,10,34.8,0,348,39.92
10927,40,20,4,1,2015-03-05,2015-04-02,2015-04-08,5,81,0,405,19.79
10927,40,52,4,1,2015-03-05,2015-04-02,2015-04-08,5,7,0,35,19.79
10927,40,76,4,1,2015-03-05,2015-04-02,2015-04-08,20,18,0,360,19.79
10928,29,47,1,1,2015-03-05,2015-04-02,2015-03-18,5,9.5,0,47.5,1.36
10928,29,76,1,1,2015-03-05,2015-04-02,2015-03-18,5,18,0,90,1.36
10929,25,21,6,1,2015-03-05,2015-04-02,2015-03-12,60,10,0,600,33.93
10929,25,75,6,1,2015-03-05,2015-04-02,2015-03-12,49,7.75,0,379.75,33.93
10929,25,77,6,1,2015-03-05,2015-04-02,2015-03-12,15,13,0,195,33.93
10930,76,21,4,3,2015-03-06,2015-04-17,2015-03-18,36,10,0,360,15.55
10930,76,27,4,3,2015-03-06,2015-04-17,2015-03-18,25,43.9,0,1097.5,15.55
10930,76,55,4,3,2015-03-06,2015-04-17,2015-03-18,25,19.2,0.2,480,15.55
10930,76,58,4,3,2015-03-06,2015-04-17,2015-03-18,30,10.6,0.2,318,15.55
10931,68,13,4,2,2015-03-06,2015-03-20,2015-03-19,42,5.1,0.15,214.2,13.6
10931,68,57,4,2,2015-03-06,2015-03-20,2015-03-19,30,19.5,0,585,13.6
10932,9,16,8,1,2015-03-06,2015-04-03,2015-03-24,30,15.705,0.1,471.15,134.64
10932,9,62,8,1,2015-03-06,2015-04-03,2015-03-24,14,44.37,0.1,621.18,134.64
10932,9,72,8,1,2015-03-06,2015-04-03,2015-03-24,16,34.8,0,556.8,134.64
10932,9,75,8,1,2015-03-06,2015-04-03,2015-03-24,20,6.975,0.1,139.5,134.64
10933,38,53,6,3,2015-03-06,2015-04-03,2015-03-16,2,32.8,0,65.6,54.15
10933,38,61,6,3,2015-03-06,2015-04-03,2015-03-16,30,28.5,0,855,54.15
10934,44,6,3,3,2015-03-09,2015-04-06,2015-03-12,20,25,0,500,32.01
10935,88,1,4,3,2015-03-09,2015-04-06,2015-03-18,21,18,0,378,47.59
10935,88,18,4,3,2015-03-09,2015-04-06,2015-03-18,4,46.875,0.25,187.5,47.59
10935,88,23,4,3,2015-03-09,2015-04-06,2015-03-18,8,6.75,0.25,54,47.59
10936,32,36,3,2,2015-03-09,2015-04-06,2015-03-18,30,15.2,0.2,456,33.68
10937,12,28,7,3,2015-03-10,2015-03-24,2015-03-13,8,45.6,0,364.8,31.51
10937,12,34,7,3,2015-03-10,2015-03-24,2015-03-13,20,14,0,280,31.51
10938,63,13,3,2,2015-03-10,2015-04-07,2015-03-16,20,4.5,0.25,90,31.89
10938,63,43,3,2,2015-03-10,2015-04-07,2015-03-16,24,34.5,0.25,828,31.89
10938,63,60,3,2,2015-03-10,2015-04-07,2015-03-16,49,25.5,0.25,1249.5,31.89
10938,63,71,3,2,2015-03-10,2015-04-07,2015-03-16,35,16.125,0.25,564.375,31.89
10939,49,2,2,2,2015-03-10,2015-04-07,2015-03-13,10,16.15,0.15,161.5,76.33
10939,49,67,2,2,2015-03-10,2015-04-07,2015-03-13,40,11.9,0.15,476,76.33
10940,9,7,8,3,2015-03-11,2015-04-08,2015-03-23,8,30,0,240,19.77
10940,9,13,8,3,2015-03-11,2015-04-08,2015-03-23,20,6,0,120,19.77
10941,71,31,7,2,2015-03-11,2015-04-08,2015-03-20,44,9.375,0.25,412.5,400.81
10941,71,62,7,2,2015-03-11,2015-04-08,2015-03-20,30,36.975,0.25,1109.25,400.81
10941,71,68,7,2,2015-03-11,2015-04-08,2015-03-20,80,9.375,0.25,750,400.81
10941,71,72,7,2,2015-03-11,2015-04-08,2015-03-20,50,34.8,0,1740,400.81
10942,66,49,9,3,2015-03-11,2015-04-08,2015-03-18,28,20,0,560,17.95
10943,11,13,4,2,2015-03-11,2015-04-08,2015-03-19,15,6,0,90,2.17
10943,11,22,4,2,2015-03-11,2015-04-08,2015-03-19,21,21,0,441,2.17
10943,11,46,4,2,2015-03-11,2015-04-08,2015-03-19,15,12,0,180,2.17
10944,10,11,6,3,2015-03-12,2015-03-26,2015-03-13,5,15.75,0.25,78.75,52.92
10944,10,44,6,3,2015-03-12,2015-03-26,2015-03-13,18,14.5875,0.25,262.575,52.92
10944,10,56,6,3,2015-03-12,2015-03-26,2015-03-13,18,38,0,684,52.92
10945,52,13,4,1,2015-03-12,2015-04-09,2015-03-18,20,6,0,120,10.22
10945,52,31,4,1,2015-03-12,2015-04-09,2015-03-18,10,12.5,0,125,10.22
10946,83,10,1,2,2015-03-12,2015-04-09,2015-03-19,25,31,0,775,27.2
10946,83,24,1,2,2015-03-12,2015-04-09,2015-03-19,25,4.5,0,112.5,27.2
10946,83,77,1,2,2015-03-12,2015-04-09,2015-03-19,40,13,0,520,27.2
10947,11,59,3,2,2015-03-13,2015-04-10,2015-03-16,4,55,0,220,3.26
10948,30,50,3,3,2015-03-13,2015-04-10,2015-03-19,9,16.25,0,146.25,23.39
10948,30,51,3,3,2015-03-13,2015-04-10,2015-03-19,40,53,0,2120,23.39
10948,30,55,3,3,2015-03-13,2015-04-10,2015-03-19,4,24,0,96,23.39
10949,10,6,2,3,2015-03-13,2015-04-10,2015-03-17,12,25,0,300,74.44
10949,10,10,2,3,2015-03-13,2015-04-10,2015-03-17,30,31,0,930,74.44
10949,10,17,2,3,2015-03-13,2015-04-10,2015-03-17,6,39,0,234,74.44
10949,10,62,2,3,2015-03-13,2015-04-10,2015-03-17,60,49.3,0,2958,74.44
10950,49,4,1,2,2015-03-16,2015-04-13,2015-03-23,5,22,0,110,2.5
10951,68,33,9,2,2015-03-16,2015-04-27,2015-04-07,15,2.375,0.05,35.625,30.85
10951,68,41,9,2,2015-03-16,2015-04-27,2015-04-07,6,9.1675,0.05,55.005,30.85
10951,68,75,9,2,2015-03-16,2015-04-27,2015-04-07,50,7.3625,0.05,368.125,30.85
10952,1,6,1,1,2015-03-16,2015-04-27,2015-03-24,16,23.75,0.05,380,40.42
10952,1,28,1,1,2015-03-16,2015-04-27,2015-03-24,2,45.6,0,91.2,40.42
10953,4,20,9,2,2015-03-16,2015-03-30,2015-03-25,50,76.95,0.05,3847.5,23.72
10953,4,31,9,2,2015-03-16,2015-03-30,2015-03-25,50,11.875,0.05,593.75,23.72
10954,47,16,5,1,2015-03-17,2015-04-28,2015-03-20,28,14.8325,0.15,415.31,27.91
10954,47,31,5,1,2015-03-17,2015-04-28,2015-03-20,25,10.625,0.15,265.625,27.91
10954,47,45,5,1,2015-03-17,2015-04-28,2015-03-20,30,9.5,0,285,27.91
10954,47,60,5,1,2015-03-17,2015-04-28,2015-03-20,24,28.9,0.15,693.6,27.91
10955,24,75,8,2,2015-03-17,2015-04-14,2015-03-20,12,6.2,0.2,74.4,3.26
10956,6,21,6,2,2015-03-17,2015-04-28,2015-03-20,12,10,0,120,44.65
10956,6,47,6,2,2015-03-17,2015-04-28,2015-03-20,14,9.5,0,133,44.65
10956,6,51,6,2,2015-03-17,2015-04-28,2015-03-20,8,53,0,424,44.65
10957,35,30,8,3,2015-03-18,2015-04-15,2015-03-27,30,25.89,0,776.7,105.36
10957,35,35,8,3,2015-03-18,2015-04-15,2015-03-27,40,18,0,720,105.36
10957,35,64,8,3,2015-03-18,2015-04-15,2015-03-27,8,33.25,0,266,105.36
10958,54,5,7,2,2015-03-18,2015-04-15,2015-03-27,20,21.35,0,427,49.56
10958,54,7,7,2,2015-03-18,2015-04-15,2015-03-27,6,30,0,180,49.56
10958,54,72,7,2,2015-03-18,2015-04-15,2015-03-27,5,34.8,0,174,49.56
10959,31,75,6,2,2015-03-18,2015-04-29,2015-03-23,20,6.5875,0.15,131.75,4.98
10960,35,24,3,1,2015-03-19,2015-04-02,2015-04-08,10,3.375,0.25,33.75,2.08
10960,35,41,3,1,2015-03-19,2015-04-02,2015-04-08,24,9.65,0,231.6,2.08
10961,62,52,8,1,2015-03-19,2015-04-16,2015-03-30,6,6.65,0.05,39.9,104.47
10961,62,76,8,1,2015-03-19,2015-04-16,2015-03-30,60,18,0,1080,104.47
10962,63,7,8,2,2015-03-19,2015-04-16,2015-03-23,45,30,0,1350,275.79
10962,63,13,8,2,2015-03-19,2015-04-16,2015-03-23,77,6,0,462,275.79
10962,63,53,8,2,2015-03-19,2015-04-16,2015-03-23,20,32.8,0,656,275.79
10962,63,69,8,2,2015-03-19,2015-04-16,2015-03-23,9,36,0,324,275.79
10962,63,76,8,2,2015-03-19,2015-04-16,2015-03-23,44,18,0,792,275.79
10963,28,60,9,3,2015-03-19,2015-04-16,2015-03-26,2,28.9,0.15,57.8,2.7
10964,74,18,3,2,2015-03-20,2015-04-17,2015-03-24,6,62.5,0,375,87.38
10964,74,38,3,2,2015-03-20,2015-04-17,2015-03-24,5,263.5,0,1317.5,87.38
10964,74,69,3,2,2015-03-20,2015-04-17,2015-03-24,10,36,0,360,87.38
10965,55,51,6,3,2015-03-20,2015-04-17,2015-03-30,16,53,0,848,144.38
10966,14,37,4,1,2015-03-20,2015-04-17,2015-04-08,8,26,0,208,27.19
10966,14,56,4,1,2015-03-20,2015-04-17,2015-04-08,12,32.3,0.15,387.6,27.19
10966,14,62,4,1,2015-03-20,2015-04-17,2015-04-08,12,41.905,0.15,502.86,27.19
10967,79,19,2,2,2015-03-23,2015-04-20,2015-04-02,12,9.2,0,110.4,62.22
10967,79,49,2,2,2015-03-23,2015-04-20,2015-04-02,40,20,0,800,62.22
10968,20,12,1,3,2015-03-23,2015-04-20,2015-04-01,30,38,0,1140,74.6
10968,20,24,1,3,2015-03-23,2015-04-20,2015-04-01,30,4.5,0,135,74.6
10968,20,64,1,3,2015-03-23,2015-04-20,2015-04-01,4,33.25,0,133,74.6
10969,15,46,1,2,2015-03-23,2015-04-20,2015-03-30,9,12,0,108,0.21
10970,8,52,9,1,2015-03-24,2015-04-07,2015-04-24,40,5.6,0.2,224,16.16
10971,26,29,2,2,2015-03-24,2015-04-21,2015-04-02,14,123.79,0,1733.06,121.82
10972,40,17,4,2,2015-03-24,2015-04-21,2015-03-26,6,39,0,234,0.02
10972,40,33,4,2,2015-03-24,2015-04-21,2015-03-26,7,2.5,0,17.5,0.02
10973,40,26,6,2,2015-03-24,2015-04-21,2015-03-27,5,31.23,0,156.15,15.17
10973,40,41,6,2,2015-03-24,2015-04-21,2015-03-27,6,9.65,0,57.9,15.17
10973,40,75,6,2,2015-03-24,2015-04-21,2015-03-27,10,7.75,0,77.5,15.17
10974,75,63,3,3,2015-03-25,2015-04-08,2015-04-03,10,43.9,0,439,12.96
10975,10,8,1,3,2015-03-25,2015-04-22,2015-03-27,16,40,0,640,32.27
10975,10,75,1,3,2015-03-25,2015-04-22,2015-03-27,10,7.75,0,77.5,32.27
10976,35,28,1,1,2015-03-25,2015-05-06,2015-04-03,20,45.6,0,912,37.97
10977,24,39,8,3,2015-03-26,2015-04-23,2015-04-10,30,18,0,540,208.5
10977,24,47,8,3,2015-03-26,2015-04-23,2015-04-10,30,9.5,0,285,208.5
10977,24,51,8,3,2015-03-26,2015-04-23,2015-04-10,10,53,0,530,208.5
10977,24,63,8,3,2015-03-26,2015-04-23,2015-04-10,20,43.9,0,878,208.5
10978,50,8,9,2,2015-03-26,2015-04-23,2015-04-23,20,34,0.15,680,32.82
10978,50,21,9,2,2015-03-26,2015-04-23,2015-04-23,40,8.5,0.15,340,32.82
10978,50,40,9,2,2015-03-26,2015-04-23,2015-04-23,10,18.4,0,184,32.82
10978,50,44,9,2,2015-03-26,2015-04-23,2015-04-23,6,16.5325,0.15,99.195,32.82
10979,20,7,8,2,2015-03-26,2015-04-23,2015-03-31,18,30,0,540,353.07
10979,20,12,8,2,2015-03-26,2015-04-23,2015-03-31,20,38,0,760,353.07
10979,20,24,8,2,2015-03-26,2015-04-23,2015-03-31,80,4.5,0,360,353.07
10979,20,27,8,2,2015-03-26,2015-04-23,2015-03-31,30,43.9,0,1317,353.07
10979,20,31,8,2,2015-03-26,2015-04-23,2015-03-31,24,12.5,0,300,353.07
10979,20,63,8,2,2015-03-26,2015-04-23,2015-03-31,35,43.9,0,1536.5,353.07
10980,24,75,4,1,2015-03-27,2015-05-08,2015-04-17,40,6.2,0.2,248,1.26
10981,34,38,1,2,2015-03-27,2015-04-24,2015-04-02,60,263.5,0,15810,193.37
10982,10,7,2,1,2015-03-27,2015-04-24,2015-04-08,20,30,0,600,14.01
10982,10,43,2,1,2015-03-27,2015-04-24,2015-04-08,9,46,0,414,14.01
10983,71,13,2,2,2015-03-27,2015-04-24,2015-04-06,84,5.1,0.15,428.4,657.54
10983,71,57,2,2,2015-03-27,2015-04-24,2015-04-06,15,19.5,0,292.5,657.54
10984,71,16,1,3,2015-03-30,2015-04-27,2015-04-03,55,17.45,0,959.75,211.22
10984,71,24,1,3,2015-03-30,2015-04-27,2015-04-03,20,4.5,0,90,211.22
10984,71,36,1,3,2015-03-30,2015-04-27,2015-04-03,40,19,0,760,211.22
10985,37,16,2,1,2015-03-30,2015-04-27,2015-04-02,36,15.705,0.1,565.38,91.51
10985,37,18,2,1,2015-03-30,2015-04-27,2015-04-02,8,56.25,0.1,450,91.51
10985,37,32,2,1,2015-03-30,2015-04-27,2015-04-02,35,28.8,0.1,1008,91.51
10986,54,11,8,2,2015-03-30,2015-04-27,2015-04-21,30,21,0,630,217.86
10986,54,20,8,2,2015-03-30,2015-04-27,2015-04-21,15,81,0,1215,217.86
10986,54,76,8,2,2015-03-30,2015-04-27,2015-04-21,10,18,0,180,217.86
10986,54,77,8,2,2015-03-30,2015-04-27,2015-04-21,15,13,0,195,217.86
10987,19,7,8,1,2015-03-31,2015-04-28,2015-04-06,60,30,0,1800,185.48
10987,19,43,8,1,2015-03-31,2015-04-28,2015-04-06,6,46,0,276,185.48
10987,19,72,8,1,2015-03-31,2015-04-28,2015-04-06,20,34.8,0,696,185.48
10988,65,7,3,2,2015-03-31,2015-04-28,2015-04-10,60,30,0,1800,61.14
10988,65,62,3,2,2015-03-31,2015-04-28,2015-04-10,40,44.37,0.1,1774.8,61.14
10989,61,6,2,1,2015-03-31,2015-04-28,2015-04-02,40,25,0,1000,34.76
10989,61,11,2,1,2015-03-31,2015-04-28,2015-04-02,15,21,0,315,34.76
10989,61,41,2,1,2015-03-31,2015-04-28,2015-04-02,4,9.65,0,38.6,34.76
10990,20,21,2,3,2015-04-01,2015-05-13,2015-04-07,65,10,0,650,117.61
10990,20,34,2,3,2015-04-01,2015-05-13,2015-04-07,60,11.9,0.15,714,117.61
10990,20,55,2,3,2015-04-01,2015-05-13,2015-04-07,65,20.4,0.15,1326,117.61
10990,20,61,2,3,2015-04-01,2015-05-13,2015-04-07,66,24.225,0.15,1598.85,117.61
10991,63,2,1,1,2015-04-01,2015-04-29,2015-04-07,50,15.2,0.2,760,38.51
10991,63,70,1,1,2015-04-01,2015-04-29,2015-04-07,20,12,0.2,240,38.51
10991,63,76,1,1,2015-04-01,2015-04-29,2015-04-07,90,14.4,0.2,1296,38.51
10992,77,72,1,3,2015-04-01,2015-04-29,2015-04-03,2,34.8,0,69.6,4.27
10993,24,29,7,3,2015-04-01,2015-04-29,2015-04-10,50,92.8425,0.25,4642.125,8.81
10993,24,41,7,3,2015-04-01,2015-04-29,2015-04-10,35,7.2375,0.25,253.3125,8.81
10994,83,59,2,3,2015-04-02,2015-04-16,2015-04-09,18,52.25,0.05,940.5,65.53
10995,58,51,1,3,2015-04-02,2015-04-30,2015-04-06,20,53,0,1060,46
10995,58,60,1,3,2015-04-02,2015-04-30,2015-04-06,4,34,0,136,46
10996,63,42,4,2,2015-04-02,2015-04-30,2015-04-10,40,14,0,560,1.12
10997,46,32,8,2,2015-04-03,2015-05-15,2015-04-13,50,32,0,1600,73.91
10997,46,46,8,2,2015-04-03,2015-05-15,2015-04-13,20,9,0.25,180,73.91
10997,46,52,8,2,2015-04-03,2015-05-15,2015-04-13,20,5.25,0.25,105,73.91
10998,91,24,8,2,2015-04-03,2015-04-17,2015-04-17,12,4.5,0,54,20.31
10998,91,61,8,2,2015-04-03,2015-04-17,2015-04-17,7,28.5,0,199.5,20.31
10998,91,74,8,2,2015-04-03,2015-04-17,2015-04-17,20,10,0,200,20.31
10998,91,75,8,2,2015-04-03,2015-04-17,2015-04-17,30,7.75,0,232.5,20.31
10999,56,41,6,2,2015-04-03,2015-05-01,2015-04-10,20,9.1675,0.05,183.35,96.35
10999,56,51,6,2,2015-04-03,2015-05-01,2015-04-10,15,50.35,0.05,755.25,96.35
10999,56,77,6,2,2015-04-03,2015-05-01,2015-04-10,21,12.35,0.05,259.35,96.35
11000,65,4,2,3,2015-04-06,2015-05-04,2015-04-14,25,16.5,0.25,412.5,55.12
11000,65,24,2,3,2015-04-06,2015-05-04,2015-04-14,30,3.375,0.25,101.25,55.12
11000,65,77,2,3,2015-04-06,2015-05-04,2015-04-14,30,13,0,390,55.12
11001,24,7,2,2,2015-04-06,2015-05-04,2015-04-14,60,30,0,1800,197.3
11001,24,22,2,2,2015-04-06,2015-05-04,2015-04-14,25,21,0,525,197.3
11001,24,46,2,2,2015-04-06,2015-05-04,2015-04-14,25,12,0,300,197.3
11001,24,55,2,2,2015-04-06,2015-05-04,2015-04-14,6,24,0,144,197.3
11002,71,13,4,1,2015-04-06,2015-05-04,2015-04-16,56,6,0,336,141.16
11002,71,35,4,1,2015-04-06,2015-05-04,2015-04-16,15,15.3,0.15,229.5,141.16
11002,71,42,4,1,2015-04-06,2015-05-04,2015-04-16,24,11.9,0.15,285.6,141.16
11002,71,55,4,1,2015-04-06,2015-05-04,2015-04-16,40,24,0,960,141.16
11003,78,1,3,3,2015-04-06,2015-05-04,2015-04-08,4,18,0,72,14.91
11003,78,40,3,3,2015-04-06,2015-05-04,2015-04-08,10,18.4,0,184,14.91
11003,78,52,3,3,2015-04-06,2015-05-04,2015-04-08,10,7,0,70,14.91
11004,50,26,3,1,2015-04-07,2015-05-05,2015-04-20,6,31.23,0,187.38,44.84
11004,50,76,3,1,2015-04-07,2015-05-05,2015-04-20,6,18,0,108,44.84
11005,90,1,2,1,2015-04-07,2015-05-05,2015-04-10,2,18,0,36,0.75
11005,90,59,2,1,2015-04-07,2015-05-05,2015-04-10,10,55,0,550,0.75
11006,32,1,3,2,2015-04-07,2015-05-05,2015-04-15,8,18,0,144,25.19
11006,32,29,3,2,2015-04-07,2015-05-05,2015-04-15,2,92.8425,0.25,185.685,25.19
11007,60,8,8,2,2015-04-08,2015-05-06,2015-04-13,30,40,0,1200,202.24
11007,60,29,8,2,2015-04-08,2015-05-06,2015-04-13,10,123.79,0,1237.9,202.24
11007,60,42,8,2,2015-04-08,2015-05-06,2015-04-13,14,14,0,196,202.24
11008,20,28,7,3,2015-04-08,2015-05-06,NULL,70,43.32,0.05,3032.4,79.46
11008,20,34,7,3,2015-04-08,2015-05-06,NULL,90,13.3,0.05,1197,79.46
11008,20,71,7,3,2015-04-08,2015-05-06,NULL,21,21.5,0,451.5,79.46
11009,30,24,2,1,2015-04-08,2015-05-06,2015-04-10,12,4.5,0,54,59.11
11009,30,36,2,1,2015-04-08,2015-05-06,2015-04-10,18,14.25,0.25,256.5,59.11
11009,30,60,2,1,2015-04-08,2015-05-06,2015-04-10,9,34,0,306,59.11
11010,66,7,2,2,2015-04-09,2015-05-07,2015-04-21,20,30,0,600,28.71
11010,66,24,2,2,2015-04-09,2015-05-07,2015-04-21,10,4.5,0,45,28.71
11011,1,58,3,1,2015-04-09,2015-05-07,2015-04-13,40,12.5875,0.05,503.5,1.21
11011,1,71,3,1,2015-04-09,2015-05-07,2015-04-13,20,21.5,0,430,1.21
11012,25,19,1,3,2015-04-09,2015-04-23,2015-04-17,50,8.74,0.05,437,242.95
11012,25,60,1,3,2015-04-09,2015-04-23,2015-04-17,36,32.3,0.05,1162.8,242.95
11012,25,71,1,3,2015-04-09,2015-04-23,2015-04-17,60,20.425,0.05,1225.5,242.95
11013,69,23,2,1,2015-04-09,2015-05-07,2015-04-10,10,9,0,90,32.99
11013,69,42,2,1,2015-04-09,2015-05-07,2015-04-10,4,14,0,56,32.99
11013,69,45,2,1,2015-04-09,2015-05-07,2015-04-10,20,9.5,0,190,32.99
11013,69,68,2,1,2015-04-09,2015-05-07,2015-04-10,2,12.5,0,25,32.99
11014,47,41,2,3,2015-04-10,2015-05-08,2015-04-15,28,8.685,0.1,243.18,23.6
11015,70,30,2,2,2015-04-10,2015-04-24,2015-04-20,15,25.89,0,388.35,4.62
11015,70,77,2,2,2015-04-10,2015-04-24,2015-04-20,18,13,0,234,4.62
11016,4,31,9,2,2015-04-10,2015-05-08,2015-04-13,15,12.5,0,187.5,33.8
11016,4,36,9,2,2015-04-10,2015-05-08,2015-04-13,16,19,0,304,33.8
11017,20,3,9,2,2015-04-13,2015-05-11,2015-04-20,25,10,0,250,754.26
11017,20,59,9,2,2015-04-13,2015-05-11,2015-04-20,110,55,0,6050,754.26
11017,20,70,9,2,2015-04-13,2015-05-11,2015-04-20,30,15,0,450,754.26
11018,48,12,4,2,2015-04-13,2015-05-11,2015-04-16,20,38,0,760,11.65
11018,48,18,4,2,2015-04-13,2015-05-11,2015-04-16,10,62.5,0,625,11.65
11018,48,56,4,2,2015-04-13,2015-05-11,2015-04-16,5,38,0,190,11.65
11019,64,46,6,3,2015-04-13,2015-05-11,NULL,3,12,0,36,3.17
11019,64,49,6,3,2015-04-13,2015-05-11,NULL,2,20,0,40,3.17
11020,56,10,2,2,2015-04-14,2015-05-12,2015-04-16,24,26.35,0.15,632.4,43.3
11021,63,2,3,1,2015-04-14,2015-05-12,2015-04-21,11,14.25,0.25,156.75,297.18
11021,63,20,3,1,2015-04-14,2015-05-12,2015-04-21,15,81,0,1215,297.18
11021,63,26,3,1,2015-04-14,2015-05-12,2015-04-21,63,31.23,0,1967.49,297.18
11021,63,51,3,1,2015-04-14,2015-05-12,2015-04-21,44,39.75,0.25,1749,297.18
11021,63,72,3,1,2015-04-14,2015-05-12,2015-04-21,35,34.8,0,1218,297.18
11022,34,19,9,2,2015-04-14,2015-05-12,2015-05-04,35,9.2,0,322,6.27
11022,34,69,9,2,2015-04-14,2015-05-12,2015-05-04,30,36,0,1080,6.27
11023,11,7,1,2,2015-04-14,2015-04-28,2015-04-24,4,30,0,120,123.83
11023,11,43,1,2,2015-04-14,2015-04-28,2015-04-24,30,46,0,1380,123.83
11024,19,26,4,1,2015-04-15,2015-05-13,2015-04-20,12,31.23,0,374.76,74.36
11024,19,33,4,1,2015-04-15,2015-05-13,2015-04-20,30,2.5,0,75,74.36
11024,19,65,4,1,2015-04-15,2015-05-13,2015-04-20,21,21.05,0,442.05,74.36
11024,19,71,4,1,2015-04-15,2015-05-13,2015-04-20,50,21.5,0,1075,74.36
11025,87,1,6,3,2015-04-15,2015-05-13,2015-04-24,10,16.2,0.1,162,29.17
11025,87,13,6,3,2015-04-15,2015-05-13,2015-04-24,20,5.4,0.1,108,29.17
11026,27,18,4,1,2015-04-15,2015-05-13,2015-04-28,8,62.5,0,500,47.09
11026,27,51,4,1,2015-04-15,2015-05-13,2015-04-28,10,53,0,530,47.09
11027,10,24,1,1,2015-04-16,2015-05-14,2015-04-20,30,3.375,0.25,101.25,52.52
11027,10,62,1,1,2015-04-16,2015-05-14,2015-04-20,21,36.975,0.25,776.475,52.52
11028,39,55,2,1,2015-04-16,2015-05-14,2015-04-22,35,24,0,840,29.59
11028,39,59,2,1,2015-04-16,2015-05-14,2015-04-22,24,55,0,1320,29.59
11029,14,56,4,1,2015-04-16,2015-05-14,2015-04-27,20,38,0,760,47.84
11029,14,63,4,1,2015-04-16,2015-05-14,2015-04-27,12,43.9,0,526.8,47.84
11030,71,2,7,2,2015-04-17,2015-05-15,2015-04-27,100,14.25,0.25,1425,830.75
11030,71,5,7,2,2015-04-17,2015-05-15,2015-04-27,70,21.35,0,1494.5,830.75
11030,71,29,7,2,2015-04-17,2015-05-15,2015-04-27,60,92.8425,0.25,5570.55,830.75
11030,71,59,7,2,2015-04-17,2015-05-15,2015-04-27,100,41.25,0.25,4125,830.75
11031,71,1,6,2,2015-04-17,2015-05-15,2015-04-24,45,18,0,810,227.22
11031,71,13,6,2,2015-04-17,2015-05-15,2015-04-24,80,6,0,480,227.22
11031,71,24,6,2,2015-04-17,2015-05-15,2015-04-24,21,4.5,0,94.5,227.22
11031,71,64,6,2,2015-04-17,2015-05-15,2015-04-24,20,33.25,0,665,227.22
11031,71,71,6,2,2015-04-17,2015-05-15,2015-04-24,16,21.5,0,344,227.22
11032,89,36,2,3,2015-04-17,2015-05-15,2015-04-23,35,19,0,665,606.19
11032,89,38,2,3,2015-04-17,2015-05-15,2015-04-23,25,263.5,0,6587.5,606.19
11032,89,59,2,3,2015-04-17,2015-05-15,2015-04-23,30,55,0,1650,606.19
11033,68,53,7,3,2015-04-17,2015-05-15,2015-04-23,70,29.52,0.1,2066.4,84.74
11033,68,69,7,3,2015-04-17,2015-05-15,2015-04-23,36,32.4,0.1,1166.4,84.74
11034,55,21,8,1,2015-04-20,2015-06-01,2015-04-27,15,9,0.1,135,40.32
11034,55,44,8,1,2015-04-20,2015-06-01,2015-04-27,12,19.45,0,233.4,40.32
11034,55,61,8,1,2015-04-20,2015-06-01,2015-04-27,6,28.5,0,171,40.32
11035,76,1,2,2,2015-04-20,2015-05-18,2015-04-24,10,18,0,180,0.17
11035,76,35,2,2,2015-04-20,2015-05-18,2015-04-24,60,18,0,1080,0.17
11035,76,42,2,2,2015-04-20,2015-05-18,2015-04-24,30,14,0,420,0.17
11035,76,54,2,2,2015-04-20,2015-05-18,2015-04-24,10,7.45,0,74.5,0.17
11036,17,13,8,3,2015-04-20,2015-05-18,2015-04-22,7,6,0,42,149.47
11036,17,59,8,3,2015-04-20,2015-05-18,2015-04-22,30,55,0,1650,149.47
11037,30,70,7,1,2015-04-21,2015-05-19,2015-04-27,4,15,0,60,3.2
11038,76,40,1,2,2015-04-21,2015-05-19,2015-04-30,5,14.72,0.2,73.6,29.59
11038,76,52,1,2,2015-04-21,2015-05-19,2015-04-30,2,7,0,14,29.59
11038,76,71,1,2,2015-04-21,2015-05-19,2015-04-30,30,21.5,0,645,29.59
11039,47,28,1,2,2015-04-21,2015-05-19,NULL,20,45.6,0,912,65
11039,47,35,1,2,2015-04-21,2015-05-19,NULL,24,18,0,432,65
11039,47,49,1,2,2015-04-21,2015-05-19,NULL,60,20,0,1200,65
11039,47,57,1,2,2015-04-21,2015-05-19,NULL,28,19.5,0,546,65
11040,32,21,4,3,2015-04-22,2015-05-20,NULL,20,10,0,200,18.84
11041,14,2,3,2,2015-04-22,2015-05-20,2015-04-28,30,15.2,0.2,456,48.22
11041,14,63,3,2,2015-04-22,2015-05-20,2015-04-28,30,43.9,0,1317,48.22
11042,15,44,2,1,2015-04-22,2015-05-06,2015-05-01,15,19.45,0,291.75,29.99
11042,15,61,2,1,2015-04-22,2015-05-06,2015-05-01,4,28.5,0,114,29.99
11043,74,11,5,2,2015-04-22,2015-05-20,2015-04-29,10,21,0,210,8.8
11044,91,62,4,1,2015-04-23,2015-05-21,2015-05-01,12,49.3,0,591.6,8.72
11045,10,33,6,2,2015-04-23,2015-05-21,NULL,15,2.5,0,37.5,70.58
11045,10,51,6,2,2015-04-23,2015-05-21,NULL,24,53,0,1272,70.58
11046,86,12,8,2,2015-04-23,2015-05-21,2015-04-24,20,36.1,0.05,722,71.64
11046,86,32,8,2,2015-04-23,2015-05-21,2015-04-24,15,30.4,0.05,456,71.64
11046,86,35,8,2,2015-04-23,2015-05-21,2015-04-24,18,17.1,0.05,307.8,71.64
11047,19,1,7,3,2015-04-24,2015-05-22,2015-05-01,25,13.5,0.25,337.5,46.62
11047,19,5,7,3,2015-04-24,2015-05-22,2015-05-01,30,16.0125,0.25,480.375,46.62
11048,10,68,7,3,2015-04-24,2015-05-22,2015-04-30,42,12.5,0,525,24.12
11049,31,2,3,1,2015-04-24,2015-05-22,2015-05-04,10,15.2,0.2,152,8.34
11049,31,12,3,1,2015-04-24,2015-05-22,2015-05-04,4,30.4,0.2,121.6,8.34
11050,24,76,8,2,2015-04-27,2015-05-25,2015-05-05,50,16.2,0.1,810,59.41
11051,41,24,7,3,2015-04-27,2015-05-25,NULL,10,3.6,0.2,36,2.79
11052,34,43,3,1,2015-04-27,2015-05-25,2015-05-01,30,36.8,0.2,1104,67.26
11052,34,61,3,1,2015-04-27,2015-05-25,2015-05-01,10,22.8,0.2,228,67.26
11053,59,18,2,2,2015-04-27,2015-05-25,2015-04-29,35,50,0.2,1750,53.05
11053,59,32,2,2,2015-04-27,2015-05-25,2015-04-29,20,32,0,640,53.05
11053,59,64,2,2,2015-04-27,2015-05-25,2015-04-29,25,26.6,0.2,665,53.05
11054,12,33,8,1,2015-04-28,2015-05-26,NULL,10,2.5,0,25,0.33
11054,12,67,8,1,2015-04-28,2015-05-26,NULL,20,14,0,280,0.33
11055,35,24,7,2,2015-04-28,2015-05-26,2015-05-05,15,4.5,0,67.5,120.92
11055,35,25,7,2,2015-04-28,2015-05-26,2015-05-05,15,14,0,210,120.92
11055,35,51,7,2,2015-04-28,2015-05-26,2015-05-05,20,53,0,1060,120.92
11055,35,57,7,2,2015-04-28,2015-05-26,2015-05-05,20,19.5,0,390,120.92
11056,19,7,8,2,2015-04-28,2015-05-12,2015-05-01,40,30,0,1200,278.96
11056,19,55,8,2,2015-04-28,2015-05-12,2015-05-01,35,24,0,840,278.96
11056,19,60,8,2,2015-04-28,2015-05-12,2015-05-01,50,34,0,1700,278.96
11057,53,70,3,3,2015-04-29,2015-05-27,2015-05-01,3,15,0,45,4.13
11058,6,21,9,3,2015-04-29,2015-05-27,NULL,3,10,0,30,31.14
11058,6,60,9,3,2015-04-29,2015-05-27,NULL,21,34,0,714,31.14
11058,6,61,9,3,2015-04-29,2015-05-27,NULL,4,28.5,0,114,31.14
11059,67,13,2,2,2015-04-29,2015-06-10,NULL,30,6,0,180,85.8
11059,67,17,2,2,2015-04-29,2015-06-10,NULL,12,39,0,468,85.8
11059,67,60,2,2,2015-04-29,2015-06-10,NULL,35,34,0,1190,85.8
11060,27,60,2,2,2015-04-30,2015-05-28,2015-05-04,4,34,0,136,10.98
11060,27,77,2,2,2015-04-30,2015-05-28,2015-05-04,10,13,0,130,10.98
11061,32,60,4,3,2015-04-30,2015-06-11,NULL,15,34,0,510,14.01
11062,66,53,4,2,2015-04-30,2015-05-28,NULL,10,26.24,0.2,262.4,29.93
11062,66,70,4,2,2015-04-30,2015-05-28,NULL,12,12,0.2,144,29.93
11063,37,34,3,2,2015-04-30,2015-05-28,2015-05-06,30,14,0,420,81.73
11063,37,40,3,2,2015-04-30,2015-05-28,2015-05-06,40,16.56,0.1,662.4,81.73
11063,37,41,3,2,2015-04-30,2015-05-28,2015-05-06,30,8.685,0.1,260.55,81.73
11064,71,17,1,1,2015-05-01,2015-05-29,2015-05-04,77,35.1,0.1,2702.7,30.09
11064,71,41,1,1,2015-05-01,2015-05-29,2015-05-04,12,9.65,0,115.8,30.09
11064,71,53,1,1,2015-05-01,2015-05-29,2015-05-04,25,29.52,0.1,738,30.09
11064,71,55,1,1,2015-05-01,2015-05-29,2015-05-04,4,21.6,0.1,86.4,30.09
11064,71,68,1,1,2015-05-01,2015-05-29,2015-05-04,55,12.5,0,687.5,30.09
11065,46,30,8,1,2015-05-01,2015-05-29,NULL,4,19.4175,0.25,77.67,12.91
11065,46,54,8,1,2015-05-01,2015-05-29,NULL,20,5.5875,0.25,111.75,12.91
11066,89,16,7,2,2015-05-01,2015-05-29,2015-05-04,3,17.45,0,52.35,44.72
11066,89,19,7,2,2015-05-01,2015-05-29,2015-05-04,42,9.2,0,386.4,44.72
11066,89,34,7,2,2015-05-01,2015-05-29,2015-05-04,35,14,0,490,44.72
11067,17,41,1,2,2015-05-04,2015-05-18,2015-05-06,9,9.65,0,86.85,7.98
11068,62,28,8,2,2015-05-04,2015-06-01,NULL,8,38.76,0.15,310.08,81.75
11068,62,43,8,2,2015-05-04,2015-06-01,NULL,36,39.1,0.15,1407.6,81.75
11068,62,77,8,2,2015-05-04,2015-06-01,NULL,28,11.05,0.15,309.4,81.75
11069,80,39,1,2,2015-05-04,2015-06-01,2015-05-06,20,18,0,360,15.67
11070,44,1,2,1,2015-05-05,2015-06-02,NULL,40,15.3,0.15,612,136
11070,44,2,2,1,2015-05-05,2015-06-02,NULL,20,16.15,0.15,323,136
11070,44,16,2,1,2015-05-05,2015-06-02,NULL,30,14.8325,0.15,444.975,136
11070,44,31,2,1,2015-05-05,2015-06-02,NULL,20,12.5,0,250,136
11071,46,7,1,1,2015-05-05,2015-06-02,NULL,15,28.5,0.05,427.5,0.93
11071,46,13,1,1,2015-05-05,2015-06-02,NULL,10,5.7,0.05,57,0.93
11072,20,2,4,2,2015-05-05,2015-06-02,NULL,8,19,0,152,258.64
11072,20,41,4,2,2015-05-05,2015-06-02,NULL,40,9.65,0,386,258.64
11072,20,50,4,2,2015-05-05,2015-06-02,NULL,22,16.25,0,357.5,258.64
11072,20,64,4,2,2015-05-05,2015-06-02,NULL,130,33.25,0,4322.5,258.64
11073,58,11,2,2,2015-05-05,2015-06-02,NULL,10,21,0,210,24.95
11073,58,24,2,2,2015-05-05,2015-06-02,NULL,20,4.5,0,90,24.95
11074,73,16,7,2,2015-05-06,2015-06-03,NULL,14,16.5775,0.05,232.085,18.44
11075,68,2,8,2,2015-05-06,2015-06-03,NULL,10,16.15,0.15,161.5,6.19
11075,68,46,8,2,2015-05-06,2015-06-03,NULL,30,10.2,0.15,306,6.19
11075,68,76,8,2,2015-05-06,2015-06-03,NULL,2,15.3,0.15,30.6,6.19
11076,9,6,4,2,2015-05-06,2015-06-03,NULL,20,18.75,0.25,375,38.28
11076,9,14,4,2,2015-05-06,2015-06-03,NULL,20,17.4375,0.25,348.75,38.28
11076,9,19,4,2,2015-05-06,2015-06-03,NULL,10,6.9,0.25,69,38.28
11077,65,2,1,2,2015-05-06,2015-06-03,NULL,24,15.2,0.2,364.8,8.53
11077,65,3,1,2,2015-05-06,2015-06-03,NULL,4,10,0,40,8.53
11077,65,4,1,2,2015-05-06,2015-06-03,NULL,1,22,0,22,8.53
11077,65,6,1,2,2015-05-06,2015-06-03,NULL,1,24.5,0.02,24.5,8.53
11077,65,7,1,2,2015-05-06,2015-06-03,NULL,1,28.5,0.05,28.5,8.53
11077,65,8,1,2,2015-05-06,2015-06-03,NULL,2,36,0.1,72,8.53
11077,65,10,1,2,2015-05-06,2015-06-03,NULL,1,31,0,31,8.53
11077,65,12,1,2,2015-05-06,2015-06-03,NULL,2,36.1,0.05,72.2,8.53
11077,65,13,1,2,2015-05-06,2015-06-03,NULL,4,6,0,24,8.53
11077,65,14,1,2,2015-05-06,2015-06-03,NULL,1,22.5525,0.03,22.5525,8.53
11077,65,16,1,2,2015-05-06,2015-06-03,NULL,2,16.9265,0.03,33.853,8.53
11077,65,20,1,2,2015-05-06,2015-06-03,NULL,1,77.76,0.04,77.76,8.53
11077,65,23,1,2,2015-05-06,2015-06-03,NULL,2,9,0,18,8.53
11077,65,32,1,2,2015-05-06,2015-06-03,NULL,1,32,0,32,8.53
11077,65,39,1,2,2015-05-06,2015-06-03,NULL,2,17.1,0.05,34.2,8.53
11077,65,41,1,2,2015-05-06,2015-06-03,NULL,3,9.65,0,28.95,8.53
11077,65,46,1,2,2015-05-06,2015-06-03,NULL,3,11.76,0.02,35.28,8.53
11077,65,52,1,2,2015-05-06,2015-06-03,NULL,2,7,0,14,8.53
11077,65,55,1,2,2015-05-06,2015-06-03,NULL,2,24,0,48,8.53
11077,65,60,1,2,2015-05-06,2015-06-03,NULL,2,31.96,0.06,63.92,8.53
11077,65,64,1,2,2015-05-06,2015-06-03,NULL,2,32.2525,0.03,64.505,8.53
11077,65,66,1,2,2015-05-06,2015-06-03,NULL,1,17,0,17,8.53
11077,65,73,1,2,2015-05-06,2015-06-03,NULL,2,14.85,0.01,29.7,8.53
11077,65,75,1,2,2015-05-06,2015-06-03,NULL,4,7.75,0,31,8.53
11077,65,77,1,2,2015-05-06,2015-06-03,NULL,2,13,0,26,8.53
